actor_name,actor_num_movies,actor_profit_mean,actor_profit_std,actor_score_mean,actor_score_std
Jack Nicholson,high,not-profitable,mid,mid-high,high
Brooke Shields,mid,profitable,high,mid-low,high
Mark Hamill,low,very-profitable,high,high,low
Robert Hays,mid,very-profitable,high,mid-low,high
Chevy Chase,high,profitable,mid,mid-low,high
Betsy Palmer,low,very-profitable,high,mid-low,low
John Belushi,low,profitable,low,mid-high,high
Robert De Niro,high,not-profitable,mid,mid-high,high
Gene Hackman,high,not-profitable,mid,mid-high,high
David Carradine,low,not-profitable,low,mid-high,low
Clint Eastwood,high,profitable,mid,mid-high,high
N!xau,low,very-profitable,low,mid-high,low
Robin Williams,high,very-profitable,high,mid-low,high
Donald Sutherland,mid,profitable,high,mid-high,high
Michael Caine,high,not-profitable,mid,mid-high,high
Christopher Reeve,mid,not-profitable,low,mid-low,high
Jane Fonda,mid,profitable,high,mid-low,mid
Adrienne Barbeau,low,very-profitable,high,mid-high,mid
Al Pacino,high,not-profitable,mid,mid-high,high
Kris Kristofferson,low,not-profitable,low,mid-high,low
Kirk Douglas,mid,profitable,mid,mid-high,high
Olivia Newton-John,low,not-profitable,low,low,low
Robert Redford,high,profitable,mid,mid-high,mid
Richard Gere,high,profitable,high,mid-low,mid
Scott Glenn,mid,not-profitable,mid,mid-low,low
Goldie Hawn,mid,profitable,high,mid-low,mid
Tony Danza,low,profitable,low,mid-low,low
Rory Calhoun,low,profitable,low,mid-low,low
Peter O'Toole,low,not-profitable,mid,mid-high,high
Don Adams,low,not-profitable,low,low,low
Woody Allen,high,not-profitable,low,mid-high,mid
Paul Le Mat,low,not-profitable,low,mid-high,low
Paul Newman,mid,not-profitable,mid,mid-high,high
Chuck Norris,high,profitable,mid,mid-low,mid
Elliott Gould,low,not-profitable,low,mid-low,low
Michael Ontkean,low,not-profitable,low,mid-low,low
Paul Michael Glaser,low,not-profitable,low,low,low
Harrison Ford,high,profitable,high,mid-high,high
David Naughton,low,profitable,low,high,low
Kurt Russell,high,not-profitable,mid,mid-high,high
Bruce Campbell,mid,profitable,high,high,low
Dan Monahan,mid,very-profitable,high,low,high
John Travolta,high,profitable,high,mid-low,high
Laurence Olivier,low,not-profitable,mid,low,high
Nigel Terry,low,profitable,low,high,low
Mel Gibson,high,profitable,mid,mid-high,mid
Bill Murray,high,very-profitable,high,mid-high,high
Burt Reynolds,high,not-profitable,mid,mid-low,mid
James Caan,mid,profitable,low,mid-high,high
Sean Connery,high,profitable,mid,mid-high,mid
Roger Moore,mid,profitable,low,mid-high,low
Jamie Lee Curtis,mid,very-profitable,high,mid-low,high
George C. Scott,low,profitable,low,mid-high,low
Warren Beatty,mid,not-profitable,mid,mid-low,high
Mickey Rooney,low,very-profitable,low,mid-high,low
Ben Cross,low,very-profitable,low,mid-high,low
Bo Derek,low,profitable,high,low,low
Dudley Moore,mid,profitable,high,mid-low,high
Mel Brooks,mid,not-profitable,mid,mid-high,mid
Dee Wallace,mid,very-profitable,high,mid-low,low
Peter MacNicol,low,not-profitable,low,mid-high,low
Jeff Bridges,high,not-profitable,mid,mid-high,mid
Everett McGill,low,not-profitable,low,mid-high,low
Sam Neill,mid,very-profitable,high,mid-high,high
Faye Dunaway,low,not-profitable,mid,mid-low,high
Sylvia Kristel,low,very-profitable,low,low,low
Maren Jensen,low,profitable,low,mid-low,low
William Hurt,mid,not-profitable,mid,mid-high,mid
Julie Andrews,low,profitable,high,mid-high,low
Catriona MacColl,low,not-profitable,low,mid-high,low
Frederic Forrest,low,not-profitable,low,mid-high,low
Sylvester Stallone,high,profitable,mid,mid-low,high
Albert Finney,low,not-profitable,low,mid-high,mid
Treat Williams,mid,not-profitable,low,mid-high,mid
Lauren Tewes,low,not-profitable,low,mid-low,low
George Segal,low,not-profitable,low,mid-low,low
Steve Martin,high,profitable,mid,mid-low,mid
Klinton Spilsbury,low,not-profitable,low,low,low
Lesley-Anne Down,low,not-profitable,low,low,low
Daniel Valdez,low,not-profitable,low,mid-high,low
Jack Lemmon,mid,not-profitable,low,mid-high,mid
Richard Pryor,mid,not-profitable,low,mid-low,mid
Andy Kaufman,low,not-profitable,low,low,low
Richard Dreyfuss,high,not-profitable,mid,mid-high,mid
Robert Duvall,mid,profitable,mid,mid-low,high
David Rasche,low,not-profitable,low,low,low
Harry Hamlin,low,not-profitable,low,mid-low,low
Sean Penn,high,profitable,mid,mid-high,high
Arnold Schwarzenegger,high,profitable,high,mid-low,high
Henry Thomas,low,very-profitable,low,high,low
Michelle Pfeiffer,mid,not-profitable,mid,mid-low,high
Aileen Quinn,low,not-profitable,low,mid-high,low
JoBeth Williams,low,very-profitable,high,mid-high,high
Nick Nolte,high,not-profitable,mid,mid-high,mid
William Shatner,mid,very-profitable,mid,mid-high,high
Meryl Streep,high,profitable,mid,mid-high,mid
Ben Kingsley,low,profitable,low,high,low
Dustin Hoffman,mid,very-profitable,high,mid-high,mid
Elizabeth Hartman,low,profitable,low,high,low
Marc Singer,low,not-profitable,mid,low,high
Hal Holbrook,low,profitable,low,mid-high,low
Bob Geldof,low,not-profitable,low,high,low
Nastassja Kinski,low,not-profitable,low,mid-low,low
Bertil Guve,low,not-profitable,low,high,low
Dana Kimmell,low,very-profitable,low,mid-low,low
Tom Atkins,low,profitable,high,mid-low,high
Jim Henson,low,profitable,low,mid-high,low
Christopher George,low,very-profitable,low,mid-low,low
Steve Guttenberg,mid,very-profitable,high,mid-low,mid
Barbara Hershey,low,not-profitable,low,mid-high,mid
Kate McNeil,low,very-profitable,low,mid-low,low
Peter Ustinov,low,not-profitable,low,mid-high,mid
Charles Bronson,high,profitable,mid,mid-low,mid
Barry Bostwick,low,not-profitable,low,low,low
Mariel Hemingway,mid,not-profitable,low,mid-low,mid
James Olson,low,profitable,low,mid-low,low
John Cassavetes,low,not-profitable,low,mid-high,low
Roy Scheider,mid,not-profitable,low,mid-high,mid
Robert Glaudini,low,not-profitable,low,low,low
Cher,mid,profitable,mid,mid-high,low
Lewis Collins,low,not-profitable,low,mid-high,low
Peter Sellers,low,not-profitable,low,low,low
Jon Voight,mid,not-profitable,mid,low,high
Willie Nelson,low,not-profitable,low,mid-high,low
Ken Wahl,low,not-profitable,mid,low,low
Mark Blankfield,low,not-profitable,low,mid-low,low
John Hurt,mid,not-profitable,low,mid-low,mid
Toni Attell,low,profitable,low,mid-low,low
Bette Midler,mid,profitable,mid,mid-low,high
Ryan O'Neal,mid,not-profitable,low,low,high
Luciano Pavarotti,low,not-profitable,low,low,low
C. Thomas Howell,low,profitable,low,mid-high,low
Tom Cruise,high,very-profitable,high,mid-high,high
Eddie Murphy,high,profitable,high,mid-low,high
Tom Berenger,mid,profitable,mid,mid-high,mid
Dennis Quaid,high,not-profitable,mid,mid-low,high
Keith Gordon,low,profitable,low,mid-high,low
Jennifer Beals,low,very-profitable,low,mid-low,low
Matthew Broderick,high,very-profitable,high,mid-high,high
Sam Shepard,low,not-profitable,low,high,low
Ken Marshall,low,not-profitable,low,mid-low,low
Christopher Walken,mid,not-profitable,low,mid-high,mid
Phoebe Cates,mid,not-profitable,mid,mid-low,mid
Nicolas Cage,high,profitable,high,mid-low,high
Matt Dillon,mid,not-profitable,mid,mid-high,high
James Woods,mid,not-profitable,low,mid-high,mid
Shirley MacLaine,mid,very-profitable,high,mid-high,mid
Dan Aykroyd,mid,not-profitable,mid,mid-low,high
Peter Billingsley,low,very-profitable,low,high,low
Anthony Perkins,low,very-profitable,low,mid-high,low
Barbra Streisand,mid,not-profitable,mid,mid-high,mid
Randy Norton,low,not-profitable,low,mid-high,low
Graham Chapman,low,not-profitable,low,mid-low,low
John Cleese,mid,profitable,high,mid-high,mid
Rick Hill,low,very-profitable,low,low,low
Jason Robards,low,not-profitable,low,mid-high,low
Peter Keleghan,low,profitable,low,low,low
Cliff Gorman,low,very-profitable,low,mid-low,low
Mary Beth McDonough,low,very-profitable,low,low,low
Linda Blair,low,very-profitable,low,low,low
Peter Strauss,low,not-profitable,low,mid-low,low
Tom Selleck,mid,profitable,high,mid-low,mid
Don Francks,low,not-profitable,low,mid-high,low
Lou Ferrigno,low,very-profitable,low,low,low
Tony Roberts,low,not-profitable,low,low,low
Rutger Hauer,mid,not-profitable,low,mid-low,mid
Shô Kosugi,low,very-profitable,low,mid-low,low
Peter Weller,mid,not-profitable,mid,mid-low,mid
David Niven,low,not-profitable,low,low,low
Max Gail,low,profitable,low,mid-low,low
Walter Matthau,mid,not-profitable,mid,mid-low,mid
Pia Zadora,low,not-profitable,low,low,low
Cristina Raines,low,not-profitable,low,mid-low,low
Rosanna Arquette,mid,profitable,high,mid-low,high
Malcolm McDowell,low,not-profitable,low,mid-low,high
Tommy Lee Jones,high,profitable,mid,mid-high,high
Martin Yost,low,very-profitable,low,low,low
Linda Griffiths,low,very-profitable,low,mid-high,low
Robby Benson,low,not-profitable,low,mid-high,low
Margot Kidder,low,not-profitable,low,low,low
Everett Silas,low,not-profitable,low,mid-high,low
Kyle MacLachlan,low,not-profitable,low,mid-high,mid
Ralph Macchio,low,very-profitable,low,mid-high,low
Craig Wasson,low,not-profitable,low,mid-high,low
Heather Langenkamp,mid,very-profitable,high,mid-high,mid
F. Murray Abraham,low,profitable,low,high,low
Patrick Swayze,high,very-profitable,high,mid-low,high
Noah Hathaway,low,not-profitable,low,high,low
Kevin Bacon,high,not-profitable,mid,mid-low,mid
Robert Carradine,low,very-profitable,low,mid-high,low
Zach Galligan,mid,very-profitable,high,mid-high,mid
Michael Douglas,high,very-profitable,high,mid-high,mid
Michael Paré,low,not-profitable,low,mid-high,mid
Molly Ringwald,mid,profitable,mid,mid-low,high
Rob Reiner,low,not-profitable,low,high,low
Val Kilmer,high,not-profitable,mid,mid-high,mid
Peter Horton,low,very-profitable,low,mid-low,low
Lance Guest,low,not-profitable,low,mid-high,low
Tom Hanks,high,very-profitable,high,mid-high,high
John Getz,low,profitable,low,high,low
Sumi Shimamoto,low,very-profitable,low,high,low
Erich Anderson,low,very-profitable,low,mid-low,low
Rachel Ward,low,not-profitable,low,mid-low,low
Helen Slater,low,not-profitable,low,low,low
Drew Barrymore,high,not-profitable,mid,mid-low,high
John Heard,low,profitable,low,mid-low,low
Gene Wilder,low,not-profitable,mid,mid-low,low
Harry Dean Stanton,low,not-profitable,low,mid-high,low
Sam Waterston,low,profitable,low,high,low
Catherine Mary Stewart,low,very-profitable,low,mid-high,low
John Lurie,low,very-profitable,low,high,low
Robert Urich,low,not-profitable,low,mid-low,low
Judy Davis,low,not-profitable,low,mid-high,low
Prince,low,very-profitable,high,mid-low,high
Rob Lowe,mid,not-profitable,mid,mid-low,high
Tanya Roberts,low,not-profitable,low,low,low
Christopher Lambert,high,not-profitable,mid,mid-low,high
Matthew Modine,mid,not-profitable,low,mid-high,high
Sarah Patterson,low,profitable,low,mid-high,low
Lilyan Chauvin,low,profitable,low,mid-low,low
Eric Roberts,mid,not-profitable,low,mid-low,mid
Rae Dawn Chong,low,not-profitable,low,mid-high,low
Teri Garr,low,not-profitable,low,mid-low,mid
Howard E. Rollins Jr.,low,profitable,low,mid-high,low
Tab Hunter,low,not-profitable,low,mid-high,low
Steven Bauer,low,not-profitable,low,mid-low,low
Joe Morton,low,very-profitable,low,mid-high,low
Geneviève Bujold,low,profitable,low,mid-high,low
Tim Matheson,low,profitable,mid,mid-low,low
Diane Keaton,mid,profitable,high,mid-low,mid
Paul McCartney,low,not-profitable,low,low,low
Michael O'Keefe,low,not-profitable,low,low,low
Debra Winger,mid,not-profitable,mid,mid-low,mid
Gary Busey,low,very-profitable,high,mid-low,low
Brooke Adams,low,not-profitable,low,low,low
Anthony Michael Hall,low,profitable,high,mid-low,high
Sean Astin,mid,profitable,mid,mid-high,high
Michael J. Fox,high,very-profitable,high,mid-high,high
William Petersen,low,not-profitable,mid,mid-high,low
Eileen Brennan,low,not-profitable,low,mid-high,low
Emilio Estevez,mid,very-profitable,high,mid-high,high
Don Ameche,low,profitable,mid,mid-low,high
Clu Gulager,low,profitable,low,mid-high,low
Demi Moore,mid,not-profitable,mid,mid-low,high
Jonathan Pryce,low,not-profitable,low,high,low
Danny Glover,mid,profitable,mid,mid-high,high
Kevin Kline,high,not-profitable,low,mid-high,mid
Tatsuya Nakadai,low,not-profitable,low,high,low
Maggie Smith,mid,very-profitable,mid,mid-high,low
Chris Sarandon,low,profitable,low,mid-high,low
Ethan Hawke,high,very-profitable,high,mid-high,high
Griffin Dunne,low,profitable,low,high,low
Robert Englund,mid,very-profitable,mid,low,mid
Steve Railsback,low,not-profitable,low,mid-low,low
Paul Reubens,low,very-profitable,low,mid-high,low
Lori Cardille,low,not-profitable,low,mid-high,low
William Katt,low,very-profitable,low,mid-low,low
Grant Bardsley,low,not-profitable,low,mid-high,low
Melanie Kinnaman,low,very-profitable,low,low,low
Jeffrey Combs,low,not-profitable,mid,mid-high,mid
Taimak,low,profitable,low,mid-high,low
Lauren Hutton,low,profitable,low,mid-low,low
Jeff Goldblum,mid,profitable,high,mid-low,high
John Cusack,high,not-profitable,mid,mid-high,mid
Mikhail Baryshnikov,low,profitable,low,mid-high,low
Nicholas Rowe,low,not-profitable,low,mid-high,low
Mickey Rourke,high,not-profitable,mid,mid-high,high
Bruno Lawrence,low,profitable,low,mid-high,low
Ken Ogata,low,not-profitable,low,high,low
Sally Field,mid,profitable,high,mid-low,mid
Kevin Costner,high,profitable,high,mid-high,mid
Richard Chamberlain,low,not-profitable,low,low,mid
Michael Dudikoff,mid,very-profitable,high,low,mid
Timothy Hutton,mid,not-profitable,low,mid-high,mid
Helen Shaver,low,not-profitable,low,mid-high,low
Mia Farrow,mid,profitable,mid,high,mid
Louise Lasser,low,not-profitable,low,mid-low,low
Sting,low,not-profitable,low,low,low
Raymond Burr,low,profitable,low,mid-low,low
Jackie Chan,high,profitable,high,mid-low,mid
Sheila E.,low,profitable,low,mid-high,low
John Erwin,low,profitable,low,mid-high,low
Joe Colligan,low,not-profitable,low,mid-high,low
Georgia Engel,low,very-profitable,low,mid-low,low
Daniel Jenkins,low,not-profitable,low,low,low
Mario Van Peebles,low,not-profitable,low,low,high
Sigourney Weaver,mid,profitable,mid,mid-high,high
Wil Wheaton,low,very-profitable,low,high,low
Paul Hogan,mid,very-profitable,high,mid-low,mid
David Bowie,low,not-profitable,low,high,low
Charlie Sheen,high,profitable,high,mid-low,high
Isabella Rossellini,low,not-profitable,low,high,low
Lea Thompson,low,not-profitable,low,low,low
Rick Moranis,mid,very-profitable,high,mid-low,high
Crispin Glover,low,not-profitable,mid,mid-high,mid
Ally Sheedy,mid,profitable,mid,mid-low,high
Joey Cramer,low,profitable,low,mid-high,low
Kathleen Turner,mid,not-profitable,mid,mid-low,high
Corey Haim,low,profitable,mid,mid-high,mid
Thom Mathews,low,very-profitable,low,mid-low,low
Rodney Dangerfield,low,very-profitable,low,mid-high,low
Dennis Hopper,low,not-profitable,low,mid-low,low
Gary Oldman,mid,profitable,mid,mid-high,high
Michael Rooker,low,very-profitable,low,mid-high,low
Jason Lively,low,not-profitable,low,mid-high,low
Kate Capshaw,low,not-profitable,low,mid-low,low
Vincent Price,low,not-profitable,mid,mid-high,low
Orson Welles,low,not-profitable,low,mid-high,low
Michael Moriarty,low,very-profitable,low,low,low
Jeff Daniels,mid,not-profitable,low,mid-high,low
Daryl Hannah,low,not-profitable,low,low,low
Tracy Camilla Johns,low,very-profitable,low,mid-high,low
Tom Waits,low,not-profitable,low,high,low
Karen Black,low,not-profitable,low,mid-low,low
Deborah Foreman,low,profitable,low,mid-low,low
Helena Bonham Carter,low,not-profitable,low,mid-high,low
John Candy,mid,profitable,high,mid-low,mid
Bryan Brown,mid,not-profitable,low,mid-low,mid
Brian Kerwin,low,not-profitable,low,low,low
Danny DeVito,mid,not-profitable,mid,mid-low,mid
Richard Jordan,low,not-profitable,low,low,low
John Lithgow,mid,profitable,mid,mid-low,low
Michael Keaton,high,profitable,high,mid-low,high
Stephen Lang,mid,very-profitable,high,mid-high,mid
Chris Makepeace,low,not-profitable,low,mid-low,low
Burt Lancaster,low,not-profitable,mid,mid-high,low
Todd Allen,low,profitable,low,mid-low,low
Blythe Danner,low,not-profitable,low,mid-high,low
Sissy Spacek,low,not-profitable,low,mid-low,low
Judd Nelson,low,not-profitable,low,low,high
Scott McGinnis,low,not-profitable,low,low,low
Mike Norris,low,not-profitable,low,low,low
Victor Love,low,not-profitable,low,mid-low,low
Cary Elwes,mid,very-profitable,high,mid-high,high
Elisabeth Shue,low,very-profitable,mid,mid-low,high
Adrian Pasdar,low,not-profitable,low,mid-high,low
Andrew McCarthy,low,very-profitable,high,low,high
Dolph Lundgren,mid,not-profitable,low,mid-low,mid
Christian Bale,high,profitable,mid,high,high
Lorraine Gary,low,profitable,low,low,low
Timothy Dalton,low,profitable,mid,mid-high,low
Lou Diamond Phillips,mid,very-profitable,high,mid-low,high
Andre Gower,low,not-profitable,low,mid-high,low
Donald Pleasence,mid,profitable,mid,mid-low,high
George Kennedy,low,very-profitable,low,mid-low,low
Hume Cronyn,low,profitable,low,mid-high,low
Jason Bateman,high,profitable,high,mid-low,high
Jim Varney,mid,very-profitable,mid,mid-low,low
Kim Basinger,mid,not-profitable,low,mid-low,mid
Anthony Newley,low,not-profitable,low,low,low
Casey Siemaszko,low,not-profitable,low,mid-high,low
David Paul,low,not-profitable,low,low,low
Martin Sheen,low,not-profitable,low,mid-low,low
Denzel Washington,high,profitable,mid,mid-high,mid
Madonna,mid,not-profitable,low,low,high
Chris Cooper,low,not-profitable,mid,high,mid
Jon Cryer,low,not-profitable,low,mid-high,low
Michael E. Knight,low,not-profitable,low,mid-low,low
Lane Smith,low,not-profitable,low,mid-low,low
Kelly McGillis,low,not-profitable,mid,mid-high,high
Jim Belushi,mid,profitable,mid,mid-low,low
Tom Hulce,low,not-profitable,low,low,low
Michael Biehn,low,not-profitable,low,low,high
Deborah Winters,low,not-profitable,low,low,low
Bill Cosby,low,not-profitable,low,low,low
Sarah Miles,low,not-profitable,low,mid-low,low
Robert Townsend,low,very-profitable,high,mid-low,high
Sy Richardson,low,not-profitable,low,mid-low,low
Jodie Foster,high,profitable,high,mid-high,high
Julie Walters,low,not-profitable,low,mid-high,low
Patrick Dempsey,mid,not-profitable,mid,mid-low,low
Elaine Stritch,low,not-profitable,low,mid-high,low
Eric Stoltz,mid,not-profitable,low,mid-low,high
Eddie Deezen,low,not-profitable,low,low,low
Bruce Willis,high,profitable,mid,mid-high,high
Alec Baldwin,high,not-profitable,mid,mid-low,high
River Phoenix,mid,not-profitable,mid,mid-high,mid
Roddy Piper,low,profitable,low,mid-high,low
Winona Ryder,mid,not-profitable,mid,mid-high,high
Bob Hoskins,low,profitable,high,mid-low,high
Annabeth Gish,low,profitable,low,mid-low,low
Philippe Noiret,low,profitable,low,high,low
Catherine Hicks,low,very-profitable,low,mid-high,low
Leslie Nielsen,mid,profitable,mid,mid-low,high
Hitoshi Takagi,low,very-profitable,low,high,low
Melanie Griffith,mid,not-profitable,mid,mid-low,mid
Jean-Claude Van Damme,high,profitable,high,mid-low,high
Willem Dafoe,mid,not-profitable,low,mid-high,mid
Pat Hingle,low,very-profitable,low,high,low
Glenn Close,mid,not-profitable,mid,mid-low,high
Geena Davis,mid,not-profitable,low,mid-low,high
Sonny Bono,low,profitable,low,mid-high,low
Jeremy Irons,mid,not-profitable,low,mid-high,low
Daniel Day-Lewis,high,not-profitable,mid,mid-high,high
Shawnee Smith,low,not-profitable,low,mid-high,low
Joey Lawrence,low,profitable,low,mid-high,low
John Neville,low,not-profitable,low,mid-high,low
Cassandra Peterson,low,not-profitable,low,mid-high,low
Christine Ebersole,low,not-profitable,low,low,low
Steven Seagal,high,profitable,mid,mid-low,mid
Keenen Ivory Wayans,mid,profitable,mid,mid-low,mid
Lance Henriksen,low,not-profitable,low,mid-low,high
Terry Kiser,low,very-profitable,low,low,low
Doug Bradley,low,very-profitable,low,mid-high,low
Amanda Donohoe,low,not-profitable,low,mid-low,low
James Karen,low,not-profitable,low,mid-low,low
Tami Erin,low,not-profitable,low,mid-low,low
Carmen Maura,low,very-profitable,low,high,low
Cathy Podewell,low,profitable,low,mid-low,low
Heather O'Rourke,low,not-profitable,low,low,low
William Ragsdale,low,not-profitable,low,mid-low,low
Jackie Mason,low,not-profitable,low,low,low
Laurence Fishburne,mid,not-profitable,low,mid-low,high
Fisher Stevens,low,not-profitable,low,mid-low,low
Bill Pullman,mid,profitable,mid,mid-high,mid
Jason Beghe,low,not-profitable,low,mid-low,low
James Le Gros,low,profitable,low,mid-high,low
Carl Weathers,low,profitable,low,low,low
Sidney Poitier,low,not-profitable,mid,mid-high,mid
George Dzundza,low,not-profitable,low,mid-high,low
Lukas Haas,low,not-profitable,low,mid-high,low
Anthony Edwards,mid,not-profitable,low,mid-low,high
Scott Grimes,low,not-profitable,low,mid-low,low
Eric Bogosian,low,not-profitable,low,mid-high,low
Rubén Blades,low,not-profitable,low,mid-high,low
Forest Whitaker,mid,profitable,high,mid-high,high
Cyndi Lauper,low,not-profitable,low,mid-low,low
Robert Downey Jr.,high,profitable,mid,mid-high,high
Billy Crystal,mid,profitable,mid,mid-high,high
Jennifer Rubin,low,profitable,low,mid-low,low
Gena Rowlands,mid,not-profitable,mid,mid-high,mid
Cliff De Young,low,not-profitable,low,low,low
Amy Irving,low,very-profitable,low,mid-high,low
Jessica Lange,mid,not-profitable,low,mid-low,mid
David Keith,low,not-profitable,low,mid-low,low
Joanna Pacula,low,not-profitable,low,low,low
Tim Daly,low,not-profitable,low,mid-low,low
Alan Boyce,low,not-profitable,low,mid-high,low
Theresa Russell,low,not-profitable,low,mid-low,low
Hart Bochner,low,not-profitable,low,mid-high,low
Keanu Reeves,high,profitable,mid,mid-high,high
Jodi Benson,low,profitable,high,mid-high,high
Ed Harris,mid,not-profitable,low,mid-high,mid
Danny Aiello,low,very-profitable,low,high,low
James Spader,mid,very-profitable,high,mid-low,high
Dale Midkiff,low,very-profitable,low,mid-high,low
Julian Sands,mid,not-profitable,low,mid-low,mid
Fred Savage,low,profitable,low,mid-low,low
'Weird Al' Yankovic,low,not-profitable,low,mid-high,low
Dom DeLuise,low,not-profitable,low,mid-high,low
Nicole Kidman,high,not-profitable,mid,mid-high,high
Shelley Long,mid,profitable,mid,mid-low,low
Morgan Freeman,high,very-profitable,high,mid-high,high
Greg Evigan,low,not-profitable,low,low,low
John Ritter,mid,very-profitable,high,mid-low,mid
Kenneth Branagh,mid,not-profitable,mid,mid-high,high
Jensen Daggett,low,profitable,low,low,low
Colin Firth,mid,very-profitable,high,mid-high,high
Michael Murphy,low,profitable,low,mid-low,low
Masatoshi Nagase,low,not-profitable,low,high,low
Sammi Davis,low,not-profitable,low,mid-low,low
Christian Slater,mid,not-profitable,low,mid-low,high
Martin Landau,low,not-profitable,low,mid-high,high
Cybill Shepherd,low,not-profitable,low,mid-high,low
Gabriel Damon,low,not-profitable,low,mid-high,low
Ted Danson,low,not-profitable,low,mid-low,low
Dick Durock,low,not-profitable,low,low,low
Bubba Smith,low,not-profitable,low,low,low
Gary Graham,low,not-profitable,low,low,low
Hulk Hogan,low,not-profitable,mid,low,mid
Terry O'Quinn,low,not-profitable,low,mid-low,low
Randy Quaid,low,not-profitable,low,mid-low,low
Peter Boyle,low,not-profitable,low,low,low
Stephen Caffrey,low,not-profitable,low,high,low
Ron Fazio,low,not-profitable,low,low,low
Don Johnson,low,not-profitable,low,mid-low,low
Kiefer Sutherland,mid,not-profitable,low,mid-low,mid
Lorraine Bracco,low,not-profitable,low,mid-high,low
Jillian McWhirter,low,not-profitable,low,mid-low,low
Emily Lloyd,low,not-profitable,low,mid-low,low
Ron Silver,low,not-profitable,low,mid-high,low
Keith Coogan,low,not-profitable,low,mid-low,low
Cheech Marin,low,not-profitable,low,low,low
Josef Sommer,low,not-profitable,low,mid-low,low
Macaulay Culkin,mid,very-profitable,high,mid-low,high
Judith Hoag,low,very-profitable,low,mid-high,low
Johnny Depp,high,profitable,mid,mid-high,mid
Tim Robbins,mid,not-profitable,low,mid-high,high
Liam Neeson,high,profitable,high,mid-high,high
Gabriel Byrne,low,not-profitable,low,mid-low,high
Alex Vincent,low,profitable,low,mid-low,low
Richard Linklater,low,very-profitable,low,mid-high,low
Craig Sheffer,low,profitable,mid,mid-high,mid
Michael Oliver,low,very-profitable,low,low,low
Bob Newhart,low,not-profitable,low,mid-high,low
Christopher Reid,mid,very-profitable,high,mid-low,mid
Tony Todd,low,not-profitable,low,mid-low,high
Jonathan Brandis,low,not-profitable,low,low,low
Kate Hodge,low,profitable,low,low,low
James Lorinz,low,not-profitable,low,mid-low,low
Andrew Dice Clay,low,not-profitable,low,mid-high,low
Keely Christian,low,profitable,low,low,low
Akira Terao,low,not-profitable,low,high,low
Bradley Gregg,low,not-profitable,low,mid-low,low
Dylan McDermott,low,profitable,low,mid-low,mid
Marlon Brando,low,not-profitable,mid,mid-low,high
David Andrews,low,not-profitable,low,low,low
Debbie Harry,low,very-profitable,low,mid-low,low
Gérard Depardieu,low,not-profitable,mid,mid-low,low
Carolyn Farina,low,very-profitable,low,high,low
Aidan Quinn,low,not-profitable,low,mid-high,low
Patrick Bergin,low,not-profitable,low,low,high
Adrienne Shelly,low,not-profitable,low,high,low
Douglas Barr,low,very-profitable,low,low,low
Ed Begley Jr.,low,not-profitable,low,mid-low,low
Dabney Coleman,low,not-profitable,low,mid-low,low
Louis Tripp,low,not-profitable,low,low,low
Brian Dennehy,low,not-profitable,low,mid-low,low
Kirstie Alley,low,not-profitable,low,low,low
Cuba Gooding Jr.,mid,profitable,mid,mid-low,high
Anjelica Huston,low,profitable,high,mid-high,low
Susan Sarandon,mid,profitable,low,mid-high,high
Maribel Verdú,low,very-profitable,low,high,low
Paige O'Hara,low,very-profitable,low,high,low
Kathy Bates,low,very-profitable,high,high,mid
Billy Campbell,low,not-profitable,low,mid-high,low
Anna Chlumsky,low,profitable,low,mid-high,low
Julia Roberts,high,profitable,mid,mid-low,mid
Brian Krause,low,not-profitable,mid,low,low
John Turturro,low,not-profitable,low,high,low
Paige Turco,low,profitable,low,mid-low,low
Robert Arkins,low,not-profitable,low,high,low
Wesley Snipes,high,not-profitable,mid,mid-low,mid
Brandon Quintin Adams,low,very-profitable,low,mid-high,low
Justin Whalin,low,not-profitable,low,low,high
Juliette Binoche,mid,profitable,high,mid-high,low
Brian Bosworth,low,not-profitable,low,mid-low,low
Jason Patric,low,not-profitable,low,mid-high,low
David Morse,low,not-profitable,low,mid-high,low
Kristy Swanson,low,not-profitable,mid,low,high
Glen Campbell,low,not-profitable,low,mid-low,low
Scott Bakula,mid,not-profitable,low,mid-low,high
Vanilla Ice,low,not-profitable,low,low,low
Ellen Barkin,low,not-profitable,low,mid-low,low
Ed O'Neill,low,not-profitable,low,mid-high,low
Bobcat Goldthwait,low,not-profitable,low,mid-low,low
Brad Pitt,high,profitable,mid,mid-high,high
Edith Meeks,low,profitable,low,mid-high,low
John Goodman,mid,very-profitable,high,mid-low,high
Jeff Speakman,low,not-profitable,low,mid-low,low
Claire Bloom,low,not-profitable,low,mid-high,low
Laura Dern,low,not-profitable,low,mid-high,low
Martin Short,mid,not-profitable,low,mid-low,low
Gregory Hines,low,not-profitable,low,low,low
Joe Pesci,mid,not-profitable,mid,mid-low,high
Cindy Williams,low,not-profitable,low,low,low
Jeff Fahey,low,profitable,mid,mid-low,low
Vincent Spano,low,not-profitable,low,mid-high,low
Kevin Anderson,low,not-profitable,low,mid-low,low
Madeleine Stowe,mid,not-profitable,low,mid-low,high
Peter Berg,low,not-profitable,low,mid-high,mid
Harvey Keitel,mid,not-profitable,low,mid-high,high
Virginia Madsen,low,very-profitable,mid,mid-low,mid
Scott Weinger,low,very-profitable,low,high,low
Whoopi Goldberg,mid,profitable,mid,mid-low,mid
Bridget Fonda,low,profitable,low,mid-low,mid
Mike Myers,high,very-profitable,high,mid-low,high
Sheryl Lee,low,not-profitable,low,mid-high,low
Annabella Sciorra,low,very-profitable,high,mid-low,high
Timothy Balme,low,not-profitable,low,high,low
Edward James Olmos,low,not-profitable,low,mid-high,low
Carlos Gallardo,low,very-profitable,low,mid-high,low
Hugh Grant,high,very-profitable,high,mid-high,high
Edward Furlong,mid,not-profitable,mid,mid-low,high
Samantha Mathis,low,not-profitable,low,mid-high,low
Brendan Fraser,high,not-profitable,mid,mid-low,high
Omar Epps,low,profitable,mid,mid-high,mid
Victor Wong,low,profitable,mid,low,mid
Terry Farrell,low,profitable,low,mid-low,low
Terence Knox,low,very-profitable,low,low,low
Tilda Swinton,mid,profitable,mid,mid-high,mid
James Marshall,low,not-profitable,low,mid-high,low
Richard Kind,low,not-profitable,low,low,low
George Strait,low,not-profitable,low,mid-high,low
Stephen Dorff,mid,not-profitable,low,mid-low,high
Anne Parillaud,low,not-profitable,low,mid-low,low
Andy Garcia,mid,not-profitable,low,mid-high,mid
Hugh Laurie,low,not-profitable,low,mid-high,low
Marco Leonardi,low,very-profitable,low,mid-high,low
Damon Wayans,mid,not-profitable,mid,mid-low,mid
Bill Paxton,mid,not-profitable,low,mid-low,high
Brandon Lee,low,not-profitable,low,mid-high,high
Glenn Plummer,low,not-profitable,low,mid-high,low
Dermot Mulroney,mid,profitable,high,mid-low,low
Mary McDonnell,low,not-profitable,low,high,low
Ray Liotta,mid,not-profitable,low,mid-low,high
Armand Assante,low,not-profitable,low,mid-high,low
Mike Dytri,low,very-profitable,low,mid-high,low
Robert John Burke,mid,not-profitable,low,mid-low,high
Andie MacDowell,low,not-profitable,low,mid-low,high
Penelope Ann Miller,low,not-profitable,low,mid-low,mid
Jason London,low,not-profitable,low,high,low
Holly Hunter,low,profitable,high,mid-high,high
Danny Elfman,low,very-profitable,low,high,low
Thomas Ian Nicholas,low,profitable,high,low,high
Damian Chapa,low,not-profitable,low,high,low
Tyrin Turner,low,very-profitable,low,high,low
Kate Maberly,low,not-profitable,low,mid-high,low
Jason James Richter,low,very-profitable,low,mid-low,low
Anthony Hopkins,high,not-profitable,low,mid-high,mid
D.B. Sweeney,low,profitable,mid,mid-high,low
Sharon Stone,mid,not-profitable,mid,low,high
Warwick Davis,low,very-profitable,high,low,low
Angela Bassett,mid,profitable,low,mid-high,high
Kent McCord,low,not-profitable,low,mid-low,low
Joe Mantegna,low,not-profitable,low,high,low
John D. LeMay,low,very-profitable,low,low,low
Diedrich Bader,low,profitable,low,low,low
Charles Grodin,low,profitable,high,low,mid
Federico Luppi,low,not-profitable,low,mid-high,low
Elias Koteas,low,profitable,low,low,low
Gabrielle Anwar,low,not-profitable,low,mid-low,low
Shane McDermott,low,not-profitable,low,mid-low,low
Jason Scott Lee,mid,profitable,mid,mid-high,mid
Janet Jackson,mid,profitable,low,mid-low,high
Tamlyn Tomita,low,profitable,low,high,low
Kevin Conroy,low,not-profitable,low,mid-high,high
Ashley Judd,mid,profitable,mid,mid-low,mid
Will Smith,high,profitable,mid,mid-high,mid
Leslie Cheung,low,not-profitable,low,high,low
Jesse Bradford,mid,not-profitable,mid,mid-low,high
Karen Allen,low,not-profitable,low,low,low
Elijah Wood,high,very-profitable,high,mid-high,high
Mark Dacascos,low,not-profitable,low,mid-high,low
Chris Rock,mid,profitable,mid,mid-low,mid
Jason Priestley,low,not-profitable,low,low,low
Hiep Thi Le,low,not-profitable,low,mid-high,low
Alan Arkin,low,not-profitable,low,mid-high,low
Michael Crawford,low,not-profitable,low,mid-high,low
Uma Thurman,mid,profitable,mid,mid-low,high
Andrew Lowery,low,not-profitable,low,low,low
Rongguang Yu,low,not-profitable,low,high,low
Otto Sander,low,not-profitable,low,mid-high,low
Rebecca De Mornay,low,not-profitable,low,low,low
Winston Chao,low,very-profitable,low,high,low
Paul Gross,low,not-profitable,low,mid-low,low
Diane Ladd,low,profitable,low,low,low
Tatsuo Matsumura,low,not-profitable,low,mid-high,low
Roberto Benigni,low,very-profitable,high,mid-low,high
Darci Kistler,low,not-profitable,low,mid-low,low
Brad Johnson,low,not-profitable,low,low,low
Larry B. Scott,low,not-profitable,low,mid-high,low
Jacob Tierney,low,not-profitable,low,mid-low,low
Jim Carrey,high,very-profitable,high,mid-high,mid
Travis Tedford,low,profitable,low,mid-low,low
Woody Harrelson,mid,not-profitable,low,mid-high,mid
Melanie Lynskey,low,not-profitable,low,mid-high,low
Brian O'Halloran,low,very-profitable,high,high,low
Linda Fiorentino,low,profitable,low,mid-high,low
Patrick Stewart,high,profitable,low,mid-high,mid
Lara Flynn Boyle,low,not-profitable,low,mid-low,low
Renée Zellweger,mid,very-profitable,high,mid-low,high
Pat Morita,low,not-profitable,low,low,low
Toni Collette,low,very-profitable,high,mid-high,low
Dana Delany,low,not-profitable,low,low,low
Tim Allen,high,profitable,high,mid-low,high
Kerry Fox,low,not-profitable,low,mid-high,low
Ralph Fiennes,high,profitable,high,mid-high,high
Robert Patrick,low,not-profitable,low,low,low
Jeremy Piven,mid,not-profitable,mid,mid-low,mid
Massimo Troisi,low,very-profitable,low,high,low
Luke Perry,low,profitable,low,mid-high,low
Nigel Hawthorne,low,not-profitable,low,mid-high,low
Jeni Courtney,low,profitable,low,high,low
Duane Martin,low,very-profitable,low,mid-high,low
G.W. Bailey,low,not-profitable,low,low,low
Sophia Loren,low,not-profitable,low,low,low
Alfre Woodard,low,not-profitable,low,mid-high,low
Jeremy Davies,low,profitable,high,mid-low,low
Jack Palance,low,not-profitable,low,mid-high,low
Allen Payne,low,not-profitable,mid,mid-low,high
Rupert Everett,mid,not-profitable,low,mid-high,low
Chris Elliott,low,not-profitable,low,low,low
Denis Leary,low,profitable,high,mid-high,mid
Harley Jane Kozak,low,not-profitable,low,low,low
Tim Roth,mid,not-profitable,low,mid-high,high
Sean Nelson,low,profitable,low,high,low
Kevin Spacey,high,profitable,high,high,mid
Jennifer Jason Leigh,low,not-profitable,low,mid-low,low
Taylor Nichols,low,profitable,low,mid-high,low
Katrin Cartlidge,low,not-profitable,low,high,low
Nikita Mikhalkov,low,not-profitable,low,high,low
Brian Benben,low,not-profitable,low,mid-low,low
Adam Beach,low,not-profitable,mid,mid-high,high
Alicia Silverstone,mid,not-profitable,mid,mid-low,high
Laura Linney,mid,very-profitable,high,mid-high,high
Leo Fitzpatrick,low,very-profitable,low,mid-high,low
Antonio Banderas,high,profitable,mid,mid-low,high
Shannen Doherty,low,not-profitable,low,mid-high,low
Elizabeth Berkley,low,not-profitable,low,low,low
Ice Cube,high,profitable,mid,mid-low,high
Emma Thompson,mid,very-profitable,mid,mid-high,mid
Leonardo DiCaprio,high,profitable,mid,high,mid
Adam Sandler,high,profitable,mid,mid-low,high
Karan Ashley,low,profitable,low,low,low
Pierce Brosnan,high,profitable,mid,mid-high,mid
Natasha Henstridge,low,not-profitable,mid,low,mid
Jonny Lee Miller,low,not-profitable,low,mid-low,low
Lori Petty,low,not-profitable,low,low,low
Bill Farmer,low,not-profitable,low,mid-high,low
Sandra Bullock,high,very-profitable,high,mid-low,high
James Cromwell,low,very-profitable,low,mid-high,low
Ron Perlman,mid,not-profitable,low,mid-high,mid
Mary Steenburgen,low,profitable,low,mid-high,low
Liesel Matthews,low,not-profitable,low,high,low
David Caruso,mid,not-profitable,low,mid-low,mid
Larenz Tate,low,not-profitable,low,mid-high,mid
Schuyler Fisk,low,not-profitable,low,mid-low,low
Whitney Houston,low,very-profitable,low,mid-low,low
Heather Matarazzo,low,very-profitable,low,high,low
Hal Scardino,low,not-profitable,low,mid-low,low
Billy Zane,low,not-profitable,low,mid-low,high
Steve Buscemi,mid,not-profitable,low,mid-high,low
Clarence Williams III,low,not-profitable,low,mid-high,low
Predrag 'Miki' Manojlovic,low,not-profitable,low,high,low
William Baldwin,low,not-profitable,low,low,high
Julianne Moore,high,not-profitable,mid,mid-high,high
Mark Rylance,low,not-profitable,low,mid-high,low
Jimmy Smits,low,profitable,low,mid-high,low
Jack Mulcahy,low,very-profitable,low,mid-high,low
Parker Posey,low,not-profitable,mid,mid-high,low
Peter Gallagher,low,not-profitable,low,mid-low,low
Sinbad,low,profitable,low,mid-low,low
Aida Mohammadkhani,low,very-profitable,low,high,low
Laurel Holloman,low,very-profitable,low,mid-high,low
Sean Young,low,not-profitable,low,low,low
Shar-Ron Corley,low,not-profitable,low,mid-high,low
Patricia Arquette,low,not-profitable,mid,mid-high,low
Michael Jordan,low,profitable,low,mid-high,low
Neve Campbell,mid,very-profitable,high,mid-high,mid
William H. Macy,low,very-profitable,high,high,high
Helen Hunt,low,very-profitable,low,mid-high,low
Matthew McConaughey,high,profitable,mid,mid-high,high
Robin Tunney,low,not-profitable,low,mid-high,low
Luke Wilson,mid,not-profitable,mid,mid-high,mid
Jennifer Tilly,mid,not-profitable,low,mid-low,high
Billy Bob Thornton,mid,very-profitable,high,mid-high,high
David Thewlis,low,not-profitable,low,mid-low,high
Vince Vaughn,high,profitable,high,mid-low,high
Shawn Wayans,low,profitable,mid,mid-low,high
Philip Baker Hall,low,not-profitable,low,mid-high,low
Tony Shalhoub,low,profitable,low,mid-high,high
Jada Pinkett Smith,low,very-profitable,low,mid-high,low
Paul Terry,low,not-profitable,low,mid-high,low
Pauly Shore,low,not-profitable,low,low,low
Gwyneth Paltrow,mid,profitable,high,mid-high,mid
Naveen Andrews,low,not-profitable,low,mid-low,low
Christopher Guest,low,not-profitable,low,high,low
Timothy Spall,low,not-profitable,mid,high,mid
Mike Judge,low,very-profitable,low,mid-high,low
Pamela Anderson,low,not-profitable,low,low,low
Reese Witherspoon,high,profitable,mid,mid-low,high
Shaquille O'Neal,low,not-profitable,low,low,low
Kelsey Grammer,low,profitable,mid,mid-low,high
Edward Burns,mid,not-profitable,mid,low,high
Geoffrey Rush,mid,profitable,high,mid-high,high
Michelle Trachtenberg,low,profitable,low,low,high
Dennis Miller,low,not-profitable,low,low,low
Vincent Perez,low,not-profitable,low,low,low
Jeffrey Wright,low,not-profitable,low,mid-high,low
Bruce Ramsay,low,profitable,low,low,low
Scarlett Johansson,high,profitable,high,mid-high,mid
Chris O'Donnell,low,not-profitable,low,mid-low,mid
Christopher Eccleston,low,not-profitable,low,mid-high,low
Michael J. Pollard,low,not-profitable,low,low,low
Ben Stiller,high,profitable,mid,mid-low,mid
Jerry O'Connell,low,not-profitable,low,mid-low,low
Sarah Jessica Parker,mid,profitable,mid,low,mid
Tom Arnold,mid,not-profitable,low,low,mid
Martin Lawrence,high,profitable,mid,low,mid
Vincent D'Onofrio,low,not-profitable,low,mid-high,low
Greg Kinnear,mid,profitable,high,mid-low,mid
David Schwimmer,low,not-profitable,low,low,low
Theresa Randle,low,not-profitable,low,low,low
Steven Soderbergh,low,not-profitable,low,mid-high,low
Thora Birch,low,not-profitable,low,mid-low,low
Illeana Douglas,low,not-profitable,low,mid-high,low
Matt LeBlanc,low,not-profitable,low,low,low
Mark Wahlberg,high,profitable,mid,mid-high,high
Casper Van Dien,low,not-profitable,low,mid-high,low
Pam Grier,low,profitable,low,high,low
Alex D. Linz,low,not-profitable,mid,low,mid
Tate Donovan,low,profitable,low,mid-high,low
Matt Damon,high,profitable,mid,mid-high,high
Jennifer Love Hewitt,mid,profitable,high,mid-low,high
Meg Ryan,mid,profitable,low,mid-low,high
Matthew Perry,low,not-profitable,low,mid-low,mid
Kel Mitchell,low,profitable,low,mid-low,low
Robert Carlyle,low,very-profitable,low,mid-high,low
Michael Jai White,low,not-profitable,mid,mid-low,high
Nick Sutton,low,not-profitable,low,mid-high,low
Stephen Fry,low,not-profitable,low,mid-high,low
Ben Affleck,high,very-profitable,high,mid-low,high
Djimon Hounsou,low,not-profitable,low,mid-high,low
Mira Sorvino,low,not-profitable,low,mid-low,low
Robin Shou,low,not-profitable,low,low,low
Mel B,low,not-profitable,low,low,low
Jennifer Lopez,high,profitable,high,mid-low,mid
George Clooney,high,profitable,mid,mid-high,mid
Nathan Lane,low,profitable,mid,mid-high,low
Chris Farley,low,not-profitable,mid,mid-low,low
Trey Parker,mid,not-profitable,mid,mid-high,high
Vanessa Williams,low,very-profitable,low,mid-high,low
Mohammad Amir Naji,low,very-profitable,low,high,low
Tom Everett Scott,low,not-profitable,low,mid-low,mid
Rowan Atkinson,mid,very-profitable,high,mid-high,low
Tammy Lauren,low,profitable,low,mid-low,low
Howard Stern,low,not-profitable,low,mid-high,low
Jennifer Aniston,high,profitable,mid,mid-low,low
Samuel L. Jackson,high,not-profitable,mid,mid-high,high
Tenzin Thuthob Tsarong,low,not-profitable,low,mid-high,low
Michael Jeter,low,very-profitable,low,low,low
Christina Ricci,mid,not-profitable,low,mid-low,high
Jason David Frank,low,not-profitable,low,low,low
Fran Drescher,low,not-profitable,low,mid-low,low
Cameron Diaz,high,very-profitable,high,mid-low,high
Miguel Ferrer,low,not-profitable,low,mid-low,low
Kevin Sorbo,low,not-profitable,low,low,low
John Leguizamo,mid,not-profitable,mid,mid-low,high
Angus Macfadyen,low,not-profitable,low,low,low
Sophie Marceau,low,not-profitable,low,mid-low,low
Peter Fonda,low,profitable,low,mid-high,low
Jared Leto,mid,not-profitable,mid,mid-high,high
Will Friedle,low,not-profitable,low,mid-low,low
Sam Rockwell,mid,not-profitable,mid,mid-high,high
Llyr Ifans,low,not-profitable,low,mid-high,low
Christopher McDonald,low,not-profitable,low,low,low
Joseph Mazzello,low,not-profitable,low,low,low
Thomas Jane,mid,not-profitable,mid,mid-low,mid
Marlon Wayans,mid,very-profitable,high,low,high
Stephen Dillane,low,not-profitable,low,mid-high,low
David Duchovny,mid,not-profitable,low,mid-low,mid
Aaron Eckhart,mid,very-profitable,high,mid-low,high
Julia Ormond,mid,not-profitable,low,mid-high,mid
Edward Norton,mid,profitable,mid,mid-high,high
Jordana Brewster,low,profitable,low,mid-low,mid
Ming-Na Wen,low,profitable,low,high,low
Jim Caviezel,mid,very-profitable,high,mid-high,mid
Tobey Maguire,mid,profitable,mid,mid-high,mid
Jason Schwartzman,mid,not-profitable,low,mid-high,mid
Rufus Sewell,low,not-profitable,low,high,low
Kirsten Dunst,high,profitable,mid,mid-low,mid
Ulrich Thomsen,low,not-profitable,low,high,low
Sean Gullette,low,very-profitable,low,high,low
Jane Adams,low,not-profitable,low,high,low
Cate Blanchett,high,profitable,mid,mid-high,mid
Ryan Phillippe,mid,not-profitable,low,mid-high,mid
Vincent Gallo,low,not-profitable,mid,mid-low,high
James Marsden,mid,not-profitable,low,mid-low,mid
Dave Chappelle,low,profitable,low,mid-high,low
Jeremy Theobald,low,very-profitable,low,high,low
Chris Kattan,low,profitable,low,mid-low,high
Jeffrey Falcon,low,not-profitable,low,mid-high,low
Chow Yun-Fat,mid,profitable,high,mid-high,high
Norm MacDonald,low,not-profitable,low,mid-high,low
Ian McKellen,mid,profitable,mid,mid-high,mid
Chloë Sevigny,low,not-profitable,low,mid-high,low
Carlo Cecchi,low,not-profitable,low,high,low
Veronica Taylor,low,very-profitable,low,mid-low,low
Nas,low,profitable,low,mid-low,low
Ian Bannen,low,very-profitable,low,high,low
Magda Szubanski,low,not-profitable,low,mid-low,low
Jessalyn Gilsig,low,not-profitable,low,mid-low,low
Ian Michael Smith,low,not-profitable,low,mid-high,low
Gillian Anderson,low,not-profitable,low,mid-high,low
Elizabeth Daily,low,very-profitable,low,mid-low,low
LisaRaye McCoy,low,very-profitable,low,mid-low,low
Catherine McCormack,low,not-profitable,low,mid-high,high
Fernanda Montenegro,low,profitable,low,high,low
Billy Crudup,mid,not-profitable,low,mid-high,mid
Joseph Cross,low,not-profitable,low,mid-low,low
Jay Mohr,low,not-profitable,low,mid-low,low
Kate Winslet,mid,not-profitable,mid,mid-high,mid
Oprah Winfrey,low,not-profitable,low,mid-low,low
Howie Long,low,not-profitable,low,low,low
Natasha Lyonne,low,not-profitable,low,mid-high,low
Kevin Gage,low,not-profitable,low,low,low
George Hearn,low,not-profitable,low,low,low
Paul Walker,mid,not-profitable,mid,mid-low,high
Joaquin Phoenix,high,profitable,high,mid-high,mid
Jonathan Taylor Thomas,low,not-profitable,low,mid-low,low
Chris Stafford,low,not-profitable,low,mid-high,low
Jerry Springer,low,not-profitable,low,low,low
Amy Brenneman,low,not-profitable,low,mid-low,low
Jason Biggs,mid,very-profitable,high,mid-low,mid
Ewan McGregor,high,profitable,mid,mid-high,high
Heath Ledger,mid,not-profitable,low,mid-high,high
Ron Livingston,low,not-profitable,low,high,low
Sarah Michelle Gellar,mid,very-profitable,high,mid-low,high
Heather Donahue,low,very-profitable,low,mid-high,low
James Van Der Beek,mid,profitable,mid,mid-low,high
Freddie Prinze Jr.,mid,profitable,high,low,mid
Tony Goldwyn,low,profitable,low,mid-high,low
Eli Marienthal,low,not-profitable,low,high,low
Russell Crowe,high,not-profitable,mid,mid-high,high
Rob Schneider,mid,profitable,mid,low,mid
Hilary Swank,mid,profitable,mid,mid-high,high
Rose McGowan,low,not-profitable,low,mid-low,low
Diane Lane,mid,not-profitable,mid,mid-low,mid
Jake Gyllenhaal,high,profitable,high,mid-high,mid
Jude Law,mid,not-profitable,low,mid-high,mid
Sarah Polley,low,profitable,mid,mid-high,low
Richard Farnsworth,low,not-profitable,low,high,low
Devon Sawa,mid,not-profitable,mid,mid-low,mid
Milla Jovovich,high,profitable,mid,mid-low,mid
Tommy Flanagan,low,very-profitable,low,high,low
Guy Pearce,mid,not-profitable,mid,mid-high,high
Helen Mirren,high,very-profitable,high,mid-low,high
Craig Bierko,low,not-profitable,low,mid-high,low
Melissa Joan Hart,low,profitable,low,mid-low,low
Terence Stamp,low,not-profitable,low,mid-high,low
Juliette Lewis,low,not-profitable,low,mid-high,low
Claire Danes,low,not-profitable,low,low,high
Molly Shannon,low,not-profitable,low,low,low
Taye Diggs,mid,profitable,mid,mid-high,low
Emily Watson,low,not-profitable,mid,mid-high,mid
Christopher Lloyd,low,not-profitable,low,low,low
James Levine,low,not-profitable,low,mid-high,low
Emily Bergl,low,not-profitable,low,low,low
Charlize Theron,high,not-profitable,mid,mid-high,high
Dave Goelz,low,not-profitable,low,mid-low,low
Elayn J. Taylor,low,very-profitable,low,mid-high,low
French Stewart,low,not-profitable,low,mid-low,low
Kevin Clash,low,not-profitable,low,mid-low,low
Annette Bening,mid,profitable,high,mid-high,high
Shawn Hatosy,low,not-profitable,low,mid-high,low
Takehiro Murata,low,not-profitable,low,mid-low,low
Loren Dean,low,not-profitable,low,mid-high,low
David Spade,mid,not-profitable,low,mid-low,high
Alessandro Nivola,low,not-profitable,low,mid-low,low
Hank Azaria,low,profitable,high,mid-low,high
Christian Campbell,low,very-profitable,low,mid-high,low
Miranda Richardson,low,not-profitable,low,low,low
Jeremy Northam,low,not-profitable,low,mid-low,low
Ellen Burstyn,low,not-profitable,low,high,low
Anna Faris,mid,very-profitable,high,mid-low,mid
Piper Perabo,mid,not-profitable,mid,mid-low,high
Breckin Meyer,mid,profitable,mid,mid-low,high
Ashton Kutcher,mid,profitable,mid,mid-low,high
Radha Mitchell,mid,profitable,low,mid-high,low
Emily Perkins,low,not-profitable,low,mid-high,low
David Arquette,mid,not-profitable,mid,mid-low,mid
Fred Willard,low,profitable,low,high,low
Jamie Bell,mid,very-profitable,high,mid-high,mid
Emilio Echevarría,low,very-profitable,low,high,low
Björk,low,profitable,low,high,low
Giovanni Ribisi,low,very-profitable,low,mid-high,low
Natalie Portman,mid,very-profitable,high,mid-high,mid
Sanaa Lathan,low,profitable,mid,mid-high,high
Jonathan Lipnicki,low,not-profitable,low,mid-low,low
Mark Addy,low,not-profitable,low,low,low
Gerard Butler,high,profitable,mid,mid-high,high
Joshua Jackson,low,profitable,high,low,low
Jet Li,mid,profitable,mid,mid-high,high
Amanda Schull,low,not-profitable,low,mid-high,low
Jeffrey Donovan,low,profitable,low,low,low
Jean Reno,low,profitable,mid,mid-low,high
John Malkovich,low,not-profitable,low,mid-high,low
Colin Farrell,high,not-profitable,mid,mid-high,mid
Shane West,low,not-profitable,low,mid-low,low
Mike White,low,very-profitable,low,mid-high,low
Kirk Cameron,low,very-profitable,high,mid-low,high
Lauren Ambrose,low,not-profitable,low,mid-low,low
Jamie Foxx,mid,not-profitable,mid,mid-high,high
Brenda Blethyn,low,profitable,low,mid-high,low
Jung Suh,low,not-profitable,low,mid-high,low
Jennifer Morrison,low,profitable,low,low,low
Penélope Cruz,low,not-profitable,low,mid-low,high
Tim Meadows,low,not-profitable,low,low,low
Joan Allen,low,not-profitable,low,mid-high,low
Ricardo Darín,low,very-profitable,high,high,low
Timothy Olyphant,low,profitable,mid,mid-high,mid
Lori Heuring,low,not-profitable,low,low,low
Michelle Rodriguez,low,not-profitable,low,mid-high,low
Frankie Muniz,mid,profitable,mid,mid-low,high
Huey Lewis,low,not-profitable,low,mid-low,low
Christine Cavanaugh,low,profitable,low,mid-low,low
Takeshi Kitano,low,not-profitable,low,mid-high,low
Minnie Driver,low,not-profitable,low,mid-low,low
Chris Klein,mid,not-profitable,low,low,high
Jim Cummings,low,profitable,mid,mid-high,mid
Garry Shandling,low,not-profitable,low,mid-low,low
Heather Graham,low,not-profitable,low,low,low
Lara Jill Miller,low,profitable,low,mid-low,low
Daniel Radcliffe,high,very-profitable,high,mid-high,mid
Vin Diesel,high,profitable,mid,mid-high,mid
Naomi Watts,high,profitable,mid,mid-high,high
Daveigh Chase,low,very-profitable,high,high,high
Chyler Leigh,low,very-profitable,low,mid-low,low
Josh Hartnett,mid,profitable,mid,mid-high,high
Audrey Tautou,mid,very-profitable,high,high,high
Haley Joel Osment,mid,not-profitable,low,mid-low,high
Jay Chandrasekhar,mid,profitable,high,mid-low,mid
Janeane Garofalo,low,not-profitable,low,mid-high,low
Jack Black,high,profitable,mid,mid-low,high
Gina Philips,low,very-profitable,low,mid-low,low
Alexa PenaVega,mid,profitable,mid,low,low
Angelina Jolie,high,profitable,mid,mid-high,mid
Julia Stiles,low,very-profitable,high,mid-low,low
Method Man,low,not-profitable,low,mid-low,low
Steve Zahn,low,not-profitable,low,mid-low,high
Kane Hodder,low,not-profitable,low,low,high
Jason Mewes,low,not-profitable,low,mid-high,low
Samuel Le Bihan,low,profitable,low,mid-high,low
Flex Alexander,low,not-profitable,low,mid-low,low
John Cameron Mitchell,low,not-profitable,low,high,low
Alexsandra Wright,low,not-profitable,low,mid-high,low
Tom Green,low,not-profitable,low,low,low
Hayden Christensen,mid,profitable,mid,mid-high,high
Tadanobu Asano,low,not-profitable,mid,mid-high,low
Shannon Elizabeth,low,profitable,low,low,low
Tom Wilkinson,low,very-profitable,low,high,low
Rachael Leigh Cook,low,not-profitable,low,mid-low,low
Marisa Paredes,low,not-profitable,low,high,low
Stephen Chow,low,very-profitable,low,high,low
Debi Derryberry,low,profitable,low,mid-low,low
Denise Richards,low,not-profitable,low,low,low
Marla Sokoloff,low,not-profitable,low,mid-low,low
Ryan Gosling,high,very-profitable,high,mid-high,mid
Judi Dench,mid,very-profitable,high,mid-high,high
Shah Rukh Khan,mid,profitable,mid,high,low
Justin Chambers,low,not-profitable,low,low,low
Mekhi Phifer,low,profitable,low,mid-low,low
Liv Tyler,low,not-profitable,low,mid-low,low
Melissa Sagemiller,low,not-profitable,low,low,low
Jennifer Westfeldt,low,very-profitable,low,mid-high,low
Brian Cox,low,not-profitable,mid,mid-high,high
Dr. Dre,low,not-profitable,low,low,low
Snoop Dogg,low,not-profitable,low,low,low
Monica Potter,low,not-profitable,low,mid-low,low
Mariah Carey,low,not-profitable,low,low,low
Vivica A. Fox,low,not-profitable,low,mid-low,low
Shane Brolly,low,not-profitable,low,mid-low,low
Toshio Furukawa,low,not-profitable,low,mid-high,low
Catherine Keener,low,very-profitable,low,mid-high,low
Andrew Lawrence,low,not-profitable,low,mid-high,low
Christopher Gorham,low,not-profitable,low,mid-high,low
Greg Stebner,low,not-profitable,low,mid-high,low
Eminem,low,very-profitable,low,mid-high,low
Adrien Brody,mid,not-profitable,mid,mid-high,high
Cillian Murphy,low,very-profitable,high,mid-high,mid
Franka Potente,low,profitable,low,high,low
Matthew Lillard,low,profitable,low,mid-low,mid
Mandy Moore,mid,profitable,high,mid-low,high
Joseph Gordon-Levitt,high,profitable,high,mid-high,mid
Nia Vardalos,mid,very-profitable,high,mid-low,mid
Dwayne Johnson,high,profitable,mid,mid-low,mid
Jason Statham,high,profitable,mid,mid-low,high
Kate Bosworth,mid,not-profitable,low,low,mid
Julianna Margulies,low,profitable,low,mid-low,low
Ryan Reynolds,high,very-profitable,high,mid-high,high
Salma Hayek,low,very-profitable,low,high,low
Steve Oedekerk,low,not-profitable,low,mid-low,low
Aaliyah,low,not-profitable,low,low,low
Rebecca Romijn,low,not-profitable,low,mid-low,low
Jordan Ladd,low,very-profitable,low,mid-low,low
DJ Qualls,low,profitable,low,mid-low,low
Colin Hanks,low,profitable,low,mid-low,low
Britney Spears,low,very-profitable,low,low,low
Andy Lau,low,not-profitable,low,high,low
Shad Moss,low,profitable,low,low,low
Kang-ho Song,mid,very-profitable,high,high,mid
Parry Shen,low,very-profitable,low,mid-high,low
Dana Carvey,low,profitable,low,low,low
Nick Cannon,low,profitable,low,mid-low,low
Eddie Griffin,low,not-profitable,low,mid-low,low
Alexis Bledel,low,not-profitable,low,mid-high,low
Angela Bettis,low,not-profitable,low,mid-high,low
Miguel A. Núñez Jr.,low,not-profitable,low,low,low
Chiwetel Ejiofor,mid,profitable,high,mid-high,high
Kieran Culkin,low,not-profitable,low,mid-high,low
Bruce Greenwood,low,not-profitable,low,mid-low,low
Megumi Okina,low,not-profitable,low,mid-high,low
Keisha Castle-Hughes,low,very-profitable,low,high,low
Everlyn Sampi,low,profitable,low,high,low
Jeremy Renner,mid,profitable,mid,mid-high,mid
Charlie Hunnam,mid,not-profitable,low,mid-high,low
Barry Watson,low,profitable,mid,low,high
Katie Holmes,mid,profitable,high,mid-low,high
Casey Affleck,mid,very-profitable,high,mid-high,high
Blayne Weaver,low,very-profitable,low,mid-low,low
Mars Callahan,low,not-profitable,low,mid-high,low
Anna Paquin,low,profitable,low,low,low
Tim Curry,low,profitable,low,mid-low,low
Morris Chestnut,low,profitable,mid,low,low
Michael Reilly Burke,low,not-profitable,low,mid-low,low
America Ferrera,low,profitable,low,mid-high,mid
Steve Irwin,low,profitable,low,low,low
Kate Beckinsale,mid,profitable,mid,mid-low,mid
Choi Min-sik,low,very-profitable,low,high,low
Michael Pitt,low,not-profitable,low,mid-high,low
Albert Brooks,low,very-profitable,high,mid-high,high
Eric Bana,mid,not-profitable,mid,mid-high,high
Evan Rachel Wood,mid,profitable,mid,mid-high,low
Eliza Dushku,low,profitable,low,mid-low,low
Jeremy Sumpter,low,not-profitable,low,mid-high,low
Tommy Wiseau,low,not-profitable,low,low,low
Jessica Biel,low,very-profitable,low,mid-low,low
Shia LaBeouf,high,profitable,mid,mid-high,mid
Sid Haig,mid,not-profitable,mid,mid-low,high
Kate Hudson,mid,profitable,mid,mid-low,mid
Amanda Bynes,mid,not-profitable,mid,mid-low,low
Will Ferrell,high,profitable,mid,mid-low,high
Blanchard Ryan,low,very-profitable,low,mid-low,low
A.J. Cook,low,profitable,low,mid-low,low
Elias McConnell,low,profitable,low,mid-high,low
Chaney Kley,low,very-profitable,low,low,low
Daryl Sabara,low,very-profitable,low,low,low
Derek Richardson,low,profitable,low,low,low
Jonathan Breck,low,profitable,low,mid-low,low
Jessica Alba,mid,profitable,low,low,high
Jonathan Cherry,low,not-profitable,low,low,low
Jennifer Connelly,low,not-profitable,low,mid-high,high
Peter Dinklage,low,very-profitable,low,high,low
Adam Brody,low,not-profitable,low,mid-low,low
Halle Berry,mid,profitable,mid,mid-low,high
Hilary Duff,mid,profitable,mid,mid-low,low
Brittany Murphy,low,not-profitable,mid,mid-low,mid
Jamie Kennedy,low,not-profitable,mid,low,high
Anthony Anderson,low,not-profitable,low,low,low
Michèle Caucheteux,low,not-profitable,low,high,low
Paul Rudd,mid,profitable,mid,mid-high,mid
Wes Ramsey,low,not-profitable,low,mid-high,low
Clive Owen,mid,not-profitable,low,mid-high,low
Romola Garai,low,not-profitable,low,mid-high,low
Jason Lee,mid,profitable,mid,low,mid
Zooey Deschanel,low,very-profitable,high,mid-high,mid
Kelly Clarkson,low,not-profitable,low,low,high
Philip Seymour Hoffman,mid,not-profitable,mid,mid-high,low
Joe Nicolo,low,not-profitable,low,mid-low,low
Anne Reid,low,not-profitable,low,mid-high,low
Jodi Carlisle,low,profitable,low,mid-low,low
Joseph Fiennes,low,not-profitable,low,mid-high,low
Corbin Allred,low,not-profitable,low,mid-high,low
Samy Naceri,low,very-profitable,low,mid-low,low
Liam Aiken,low,profitable,low,low,low
Emile Hirsch,mid,not-profitable,mid,mid-high,high
Scott Mechlowicz,low,not-profitable,low,mid-high,mid
Lindsay Lohan,mid,profitable,mid,low,high
Hugh Jackman,high,profitable,mid,mid-high,mid
Craig T. Nelson,low,very-profitable,low,high,low
Chieko Baishô,low,very-profitable,low,high,low
Jon Heder,low,very-profitable,low,mid-high,low
Jennifer Garner,mid,profitable,mid,mid-low,high
Don Cheadle,mid,very-profitable,high,high,mid
John Cho,mid,very-profitable,high,mid-high,mid
Paul Giamatti,mid,profitable,high,mid-high,high
Anne Hathaway,high,profitable,mid,mid-low,mid
Shane Carruth,low,very-profitable,low,mid-high,low
Tom Kenny,low,very-profitable,low,mid-high,high
Zach Braff,mid,very-profitable,high,mid-high,high
Tony Chiu-Wai Leung,mid,profitable,mid,mid-high,mid
Martin Henderson,low,profitable,mid,low,high
Cayden Boyd,low,not-profitable,low,low,low
Queen Latifah,low,not-profitable,mid,mid-low,high
Kenan Thompson,low,not-profitable,low,low,low
Jena Malone,low,profitable,low,mid-high,low
Viggo Mortensen,mid,very-profitable,high,high,mid
Rory Culkin,low,not-profitable,low,mid-high,low
Diego Luna,low,not-profitable,low,mid-high,high
Sara Foster,low,not-profitable,low,low,low
Gael García Bernal,low,very-profitable,low,high,low
Dwayne Adway,low,not-profitable,low,low,low
Seung-Yun Lee,low,profitable,low,high,low
Mary-Kate Olsen,low,not-profitable,low,low,low
Stellan Skarsgård,low,not-profitable,low,low,low
Tracey Ullman,low,not-profitable,low,low,low
Cedric the Entertainer,low,profitable,low,low,low
Konstantin Khabenskiy,low,very-profitable,low,mid-high,low
Omarion,low,very-profitable,low,low,low
Ray Romano,mid,very-profitable,high,mid-high,mid
Owen Wilson,high,profitable,mid,mid-high,high
Catalina Sandino Moreno,low,very-profitable,low,high,low
Imelda Staunton,low,not-profitable,low,high,low
Paul Kaye,low,not-profitable,low,mid-high,low
Kristen Stewart,high,very-profitable,high,mid-low,mid
Jang Dong-Gun,low,profitable,high,mid-high,high
Anthony Mackie,low,not-profitable,low,low,low
Steve Carell,high,very-profitable,high,mid-high,mid
Ziyi Zhang,low,not-profitable,low,mid-high,low
Keira Knightley,mid,profitable,mid,mid-high,high
Hugo Weaving,low,profitable,low,high,low
Orlando Bloom,low,not-profitable,low,mid-high,mid
Martin Freeman,low,profitable,mid,mid-high,high
Ioan Gruffudd,low,profitable,low,mid-low,low
Nathan Fillion,low,not-profitable,low,mid-high,high
Jay Hernandez,low,very-profitable,low,mid-low,low
Patrick Wilson,mid,very-profitable,high,mid-high,mid
Amber Tamblyn,low,profitable,mid,mid-low,high
Rachel McAdams,mid,profitable,mid,mid-low,mid
Chad Michael Murray,low,not-profitable,low,low,low
Seann William Scott,low,profitable,low,low,low
Stephanie Leonidas,low,not-profitable,low,mid-high,low
Donnie Wahlberg,low,very-profitable,low,mid-high,low
Josh Hutcherson,mid,very-profitable,high,mid-low,mid
Camilla Belle,mid,profitable,mid,mid-low,mid
Nathan Phillips,low,very-profitable,low,mid-low,low
Karl Urban,mid,not-profitable,low,mid-low,high
Owen Kline,low,very-profitable,low,mid-high,low
Kimberly Elise,low,very-profitable,low,mid-low,low
Peter Sallis,low,very-profitable,low,high,low
50 Cent,low,not-profitable,low,low,low
Kristanna Loken,low,not-profitable,low,low,low
Navi Rawat,low,not-profitable,low,mid-low,low
Kuno Becker,low,profitable,low,mid-high,low
Jack Thompson,low,not-profitable,low,low,low
David Strathairn,low,very-profitable,low,high,low
Julian Morris,low,very-profitable,low,mid-low,low
Ray Winstone,low,not-profitable,low,mid-high,high
Josh Lucas,low,not-profitable,low,low,low
Terrence Howard,low,very-profitable,low,mid-high,low
Tom Welling,low,profitable,low,low,low
AnnaSophia Robb,low,profitable,low,mid-high,mid
Benjamin Bratt,low,not-profitable,low,mid-high,low
Steve Howey,low,not-profitable,low,low,low
Barney Clark,low,not-profitable,low,mid-high,low
John Hawkes,low,very-profitable,low,mid-high,low
Felicity Huffman,low,very-profitable,low,high,low
Bryce Dallas Howard,low,not-profitable,mid,mid-high,mid
Embeth Davidtz,low,profitable,low,mid-high,low
Lou Taylor Pucci,low,not-profitable,low,mid-high,low
Lucas Black,low,not-profitable,low,mid-low,low
Daniel Craig,high,profitable,mid,mid-high,high
Ivana Baquero,low,very-profitable,low,high,low
Gerardo Taracena,low,profitable,low,high,low
James McAvoy,high,very-profitable,high,mid-high,high
Ulrich Mühe,low,very-profitable,low,high,low
Justin Long,mid,profitable,mid,low,high
Brandon Routh,low,not-profitable,low,mid-low,low
Steven Strait,low,not-profitable,low,low,low
Ted Levine,low,very-profitable,low,mid-high,low
Ben Whishaw,low,profitable,mid,high,low
Carice van Houten,low,not-profitable,low,high,low
Channing Tatum,high,very-profitable,high,mid-low,mid
Sacha Baron Cohen,mid,very-profitable,high,mid-high,mid
Mary Elizabeth Winstead,low,profitable,mid,mid-low,low
Emma Roberts,mid,profitable,mid,mid-low,mid
Lee Pace,low,not-profitable,low,high,low
Jesse Metcalfe,low,profitable,mid,mid-low,low
Ed Speleers,low,profitable,low,low,low
Beyoncé,low,profitable,mid,mid-low,high
Tobin Bell,mid,very-profitable,high,mid-low,low
Mitchel Musso,low,not-profitable,low,mid-high,low
Jessica Simpson,low,profitable,low,mid-low,low
Jaime Pressly,low,not-profitable,low,low,low
Sook-Yin Lee,low,profitable,low,mid-high,low
David Alan Basche,low,very-profitable,low,high,low
Ken Watanabe,low,profitable,low,high,low
Dakota Fanning,mid,not-profitable,mid,mid-high,high
Liev Schreiber,low,very-profitable,low,mid-low,low
Jon Foster,low,profitable,low,low,low
Josh Duhamel,low,not-profitable,low,low,low
Tyler Perry,mid,very-profitable,high,low,mid
John Cena,mid,not-profitable,mid,mid-low,high
Sienna Miller,low,not-profitable,low,mid-high,low
Kevin James,mid,profitable,mid,low,high
Freddie Highmore,mid,not-profitable,low,mid-high,mid
Alyson Hannigan,low,very-profitable,low,low,low
James Franco,mid,profitable,mid,mid-high,mid
Alison Lohman,low,profitable,mid,mid-low,low
Patrick Fugit,low,not-profitable,low,mid-high,low
Glenn Jacobs,low,profitable,low,low,low
T.I.,low,not-profitable,low,mid-low,low
Toby Jones,low,not-profitable,low,mid-high,low
Kristen Bell,mid,profitable,high,mid-low,high
Jake T. Austin,low,not-profitable,low,mid-low,low
Daniel London,low,not-profitable,low,mid-high,low
Catherine O'Hara,low,not-profitable,low,mid-low,low
Logan Lerman,mid,not-profitable,low,mid-low,high
Charlie Cox,low,not-profitable,low,high,low
Michael Cera,mid,profitable,high,mid-high,mid
Brad Garrett,low,very-profitable,low,high,low
Elliot Page,mid,very-profitable,high,mid-high,high
Amy Adams,mid,profitable,mid,mid-high,mid
Seth Rogen,mid,very-profitable,high,mid-low,mid
Scout Taylor-Compton,low,profitable,mid,mid-low,high
Ryan Kwanten,low,not-profitable,low,mid-low,low
Jerry Seinfeld,low,not-profitable,low,mid-low,low
Reiko Aylesworth,low,profitable,low,low,low
Dane Cook,low,profitable,low,mid-low,low
Lauren German,low,not-profitable,mid,mid-low,low
Karra Elejalde,low,not-profitable,low,mid-high,low
Kal Penn,low,very-profitable,low,low,low
Daniel Hansen,low,not-profitable,low,mid-high,low
Katie Featherston,low,very-profitable,high,mid-low,mid
John C. Reilly,mid,not-profitable,mid,mid-high,mid
Gaspard Ulliel,low,not-profitable,low,mid-low,low
Dan Castellaneta,low,very-profitable,low,mid-high,low
Matthew Macfadyen,low,very-profitable,low,high,low
Will Arnett,mid,not-profitable,mid,mid-low,high
Thomas Lennon,low,profitable,low,mid-low,low
Marion Cotillard,low,not-profitable,mid,mid-high,high
Glen Hansard,low,very-profitable,low,high,low
Richard Jenkins,low,very-profitable,low,high,low
Keri Russell,low,very-profitable,high,mid-high,mid
Alexander Ludwig,low,not-profitable,low,low,low
Catherine Zeta-Jones,low,profitable,low,mid-low,low
Daniella Alonso,low,profitable,low,low,low
Sean Bean,low,profitable,low,mid-low,low
Khalid Abdalla,low,profitable,low,high,low
Skyler Shaye,low,not-profitable,low,low,low
Gabrielle Union,low,profitable,low,mid-low,low
David Koechner,low,not-profitable,low,low,low
Wagner Moura,low,profitable,low,high,low
Norah Jones,low,profitable,low,mid-high,low
Javier Bardem,low,not-profitable,low,mid-high,low
Rachel Nichols,low,not-profitable,low,mid-low,low
Patrick Carroll,low,not-profitable,low,mid-low,low
Big Boi,low,not-profitable,low,low,low
Chiara Mastroianni,low,profitable,low,high,low
Robert Wisdom,low,not-profitable,low,mid-low,low
Elisha Cuthbert,low,not-profitable,low,low,low
Anton Yelchin,mid,not-profitable,low,mid-high,low
Justin Chatwin,low,not-profitable,low,low,high
Michelle Morgan,low,profitable,low,mid-low,low
Columbus Short,low,very-profitable,low,low,low
Zack Ward,low,not-profitable,low,low,low
Scott Speedman,low,very-profitable,low,mid-low,low
Ben Burtt,low,profitable,low,high,low
Rebecca Hall,low,profitable,high,mid-low,high
Dev Patel,mid,very-profitable,high,high,mid
Mike Vogel,low,very-profitable,low,mid-high,low
Shawn Ashmore,low,profitable,low,mid-low,low
Jim Sturgess,mid,not-profitable,mid,mid-high,mid
Sean Faris,low,profitable,low,mid-high,low
Josh Zuckerman,low,not-profitable,low,mid-high,low
Ben Barnes,mid,not-profitable,low,mid-low,mid
Asa Butterfield,low,profitable,mid,high,low
Katherine Heigl,mid,profitable,high,mid-low,mid
Kåre Hedebrant,low,profitable,low,high,low
Tom Hardy,high,profitable,high,mid-high,mid
Carmen Electra,low,not-profitable,low,low,low
Drake Bell,low,profitable,low,low,low
Ray Stevenson,low,not-profitable,low,mid-high,high
Rhona Mitra,low,not-profitable,mid,mid-low,mid
Gabriel Macht,low,not-profitable,low,low,low
Ricky Gervais,mid,not-profitable,low,mid-high,low
Chris Pine,mid,not-profitable,low,mid-high,mid
Rainn Wilson,low,not-profitable,low,mid-high,mid
Robert Hoffman,low,very-profitable,low,mid-low,low
Paul Sorvino,low,not-profitable,low,mid-high,low
Scott Patterson,low,very-profitable,low,mid-low,low
Vinnie Jones,low,not-profitable,low,mid-low,low
Rachel Weisz,mid,not-profitable,low,mid-high,low
Josh Brolin,mid,not-profitable,mid,mid-low,high
Simon Pegg,mid,not-profitable,low,mid-high,low
Brittany Snow,low,profitable,low,low,low
Zac Efron,high,very-profitable,high,mid-low,mid
Sean Maguire,low,profitable,low,low,low
Matt Lanter,low,very-profitable,low,mid-low,low
Tina Fey,low,not-profitable,mid,mid-low,mid
Saoirse Ronan,mid,profitable,mid,mid-high,mid
Jennifer Carpenter,low,profitable,low,mid-low,low
Frank Langella,low,not-profitable,low,high,low
Michelle Williams,mid,profitable,mid,mid-high,low
Stephen McHattie,low,not-profitable,low,mid-high,low
Ari Folman,low,very-profitable,low,high,low
Matthew Goode,low,not-profitable,low,mid-high,low
Alyssa Milano,low,not-profitable,low,mid-low,low
Rob Brown,low,not-profitable,low,mid-high,low
Josh Peck,low,not-profitable,low,mid-high,low
Jimmy Bennett,low,not-profitable,low,low,low
Melissa Leo,low,very-profitable,low,mid-high,low
Sam Worthington,mid,very-profitable,high,mid-high,high
Megan Fox,mid,profitable,mid,mid-low,mid
Jackie Earle Haley,low,profitable,mid,mid-high,high
Zach Galifianakis,mid,very-profitable,high,mid-high,high
Ginnifer Goodwin,mid,very-profitable,mid,mid-high,high
Jesse Eisenberg,high,profitable,mid,mid-high,mid
Sharlto Copley,mid,very-profitable,high,mid-high,mid
Quinton Aaron,low,very-profitable,low,high,low
Edward Asner,low,very-profitable,low,high,low
Dan Fogler,low,not-profitable,low,mid-high,low
Jared Padalecki,low,very-profitable,low,mid-low,low
Anika Noni Rose,low,profitable,low,mid-high,low
Nathaniel Brown,low,not-profitable,low,mid-high,low
Eric Christian Olsen,low,not-profitable,low,mid-low,low
Garret Dillahunt,low,profitable,low,mid-high,low
Michael Nyqvist,low,very-profitable,low,high,low
Penn Badgley,low,not-profitable,low,mid-low,low
Max Records,low,not-profitable,low,mid-high,low
Briana Evigan,low,profitable,low,low,low
Christopher Plummer,low,profitable,low,mid-high,low
Gabourey Sidibe,low,very-profitable,low,mid-high,low
Hye-ja Kim,low,profitable,low,high,low
Michael Stuhlbarg,low,very-profitable,low,mid-high,low
Josh Stewart,low,not-profitable,low,mid-low,low
Rain,low,not-profitable,low,mid-low,low
Nick Zano,low,very-profitable,low,low,low
Carey Mulligan,low,profitable,low,mid-high,low
Jensen Ackles,low,very-profitable,low,low,low
Emily Blunt,mid,very-profitable,high,mid-high,mid
Tahar Rahim,low,not-profitable,low,high,low
Katie Jarvis,low,not-profitable,low,mid-high,low
Hayden Panettiere,low,not-profitable,low,low,low
Odette Annable,low,very-profitable,low,low,low
Jamal Woolard,low,profitable,low,mid-high,low
Sasha Grey,low,not-profitable,low,mid-low,low
Christian Friedel,low,not-profitable,low,high,low
Sean Patrick Flanery,low,not-profitable,low,mid-low,low
Miley Cyrus,mid,profitable,mid,low,high
Alan Van Sprang,low,not-profitable,low,low,low
Jocelin Donahue,low,not-profitable,low,mid-high,low
John Krasinski,low,not-profitable,low,mid-high,low
Abbie Cornish,low,not-profitable,mid,mid-high,mid
Jeppe Beck Laursen,low,profitable,low,mid-low,low
Ben Foster,low,not-profitable,low,mid-high,low
Evan McGuire,low,not-profitable,low,high,low
Gemma Arterton,low,not-profitable,low,mid-high,low
Zach Cregger,low,not-profitable,low,low,low
Chris Massoglia,low,not-profitable,low,mid-low,low
Ashley Tisdale,low,not-profitable,low,low,low
Kristin Kreuk,low,not-profitable,low,low,low
Colm Meaney,low,not-profitable,low,high,low
Michael Angarano,low,not-profitable,low,mid-low,low
Rooney Mara,low,not-profitable,mid,mid-high,high
Jonathan D. Mellor,low,profitable,low,mid-high,low
Jay Baruchel,mid,profitable,low,high,high
Aaron Taylor-Johnson,mid,profitable,low,mid-high,mid
Madeline Carroll,low,not-profitable,low,high,low
Scoot McNairy,low,very-profitable,low,mid-high,low
Sarah Butler,low,not-profitable,low,mid-low,low
Noah Ringer,low,profitable,low,low,low
Lubna Azabal,low,not-profitable,low,high,low
Mia Wasikowska,mid,profitable,mid,mid-high,low
Emma Stone,mid,very-profitable,high,mid-high,high
Danny Trejo,low,profitable,mid,mid-low,high
Idris Elba,mid,not-profitable,low,mid-low,mid
Michael Fassbender,high,not-profitable,low,mid-low,high
Zachary Gordon,mid,very-profitable,low,mid-low,low
Paul Bettany,low,not-profitable,low,mid-low,low
Robert Pattinson,mid,not-profitable,mid,mid-high,high
Jennifer Lawrence,high,very-profitable,mid,mid-high,mid
Chris Brown,low,very-profitable,high,mid-low,low
Chris Messina,low,very-profitable,low,mid-low,low
Keir Gilchrist,low,not-profitable,low,mid-high,low
Kodi Smit-McPhee,mid,not-profitable,low,mid-high,low
Will Forte,low,not-profitable,low,mid-low,low
Eric Balfour,low,very-profitable,low,low,low
Joey King,mid,profitable,mid,low,high
Amanda Seyfried,mid,not-profitable,mid,mid-low,mid
Jonah Hill,mid,profitable,mid,mid-high,high
Amy Poehler,mid,very-profitable,mid,mid-high,high
Sharni Vinson,low,very-profitable,high,mid-high,low
Stephen Spinella,low,not-profitable,low,mid-low,low
Kôji Yakusho,low,profitable,low,high,low
Bill Nighy,low,not-profitable,low,mid-high,low
Jenn Proske,low,very-profitable,low,low,low
Chace Crawford,low,not-profitable,low,mid-low,low
Patrick Fabian,low,very-profitable,low,mid-low,low
Juno Temple,low,not-profitable,low,mid-high,low
Garrett Hedlund,low,not-profitable,low,mid-low,low
Connor Paolo,low,not-profitable,low,mid-high,low
Robin Wright,low,not-profitable,low,mid-high,low
Max Thieriot,low,not-profitable,low,low,low
Danielle Harris,low,not-profitable,low,mid-low,low
David Hyde Pierce,low,not-profitable,low,mid-high,low
Chris Evans,mid,profitable,mid,high,mid
Chris Hemsworth,high,profitable,mid,mid-high,high
Michael Shannon,mid,not-profitable,low,mid-high,mid
Kristen Wiig,low,very-profitable,low,mid-high,low
Kristen Connolly,low,profitable,low,mid-high,low
Emily Browning,low,not-profitable,low,mid-low,low
Mila Kunis,mid,very-profitable,mid,mid-low,mid
Henry Cavill,mid,profitable,mid,mid-low,high
Justin Timberlake,low,profitable,mid,mid-high,mid
Elle Fanning,mid,profitable,mid,mid-high,mid
Bradley Cooper,high,very-profitable,high,mid-high,high
Jason Momoa,low,profitable,high,mid-low,high
Danny McBride,low,not-profitable,low,mid-low,low
Zoe Saldana,low,not-profitable,low,mid-high,low
Taylor Lautner,low,profitable,low,low,low
Payman Maadi,low,very-profitable,low,high,low
Jeremy Irvine,low,profitable,low,mid-high,low
Iko Uwais,low,very-profitable,high,high,low
Zachary Quinto,low,very-profitable,low,mid-high,low
Nicholas D'Agosto,low,profitable,low,mid-low,low
Alex Pettyfer,low,profitable,low,mid-low,mid
Kenny Wormald,low,profitable,low,mid-low,low
Topher Grace,low,not-profitable,low,mid-low,low
Sara Paxton,low,not-profitable,low,low,low
Gina Carano,low,not-profitable,low,mid-low,low
Jean Dujardin,low,very-profitable,low,high,low
Lucas Pittaway,low,not-profitable,low,mid-high,low
Nick Swardson,low,not-profitable,low,low,low
John Boyega,mid,not-profitable,low,mid-high,high
Brendan Gleeson,low,profitable,low,mid-high,low
Dominic Cooper,low,not-profitable,low,mid-high,low
Brit Marling,low,very-profitable,high,mid-high,low
Felicity Jones,mid,very-profitable,high,mid-high,mid
Elizabeth Olsen,low,very-profitable,high,mid-high,high
Minka Kelly,low,profitable,low,low,low
Selena Gomez,low,not-profitable,low,mid-low,low
Colin O'Donoghue,low,profitable,low,mid-low,low
Christopher Denham,low,profitable,low,mid-high,low
Thomas Horn,low,not-profitable,low,mid-high,low
Rhys Wakefield,low,profitable,low,mid-low,low
Michael Parks,low,not-profitable,low,mid-low,low
Sarah Bolger,low,profitable,low,high,low
Mark Duplass,low,very-profitable,high,mid-high,low
Alex Kendrick,low,very-profitable,high,mid-high,low
Warren Christie,low,very-profitable,low,low,low
Rhys Ifans,low,not-profitable,low,mid-high,low
Russell Brand,low,profitable,low,low,low
Taylor Schilling,low,not-profitable,mid,mid-low,low
Ranbir Kapoor,low,not-profitable,low,high,low
Anna Kendrick,mid,very-profitable,high,mid-low,mid
Mads Mikkelsen,low,profitable,mid,high,high
Noomi Rapace,low,profitable,low,mid-high,low
Jared Gilman,low,very-profitable,low,high,low
Jessica Chastain,mid,profitable,high,mid-high,mid
Andrew Garfield,mid,profitable,mid,mid-high,mid
Kelly Macdonald,low,profitable,low,mid-high,low
Taylor Kitsch,low,not-profitable,low,mid-high,low
Alexander Skarsgård,low,not-profitable,low,mid-low,low
Vanessa Hudgens,low,very-profitable,low,low,low
Danielle Panabaker,low,not-profitable,low,low,low
Benjamin Walker,low,not-profitable,low,mid-low,low
Thomas Mann,low,very-profitable,high,mid-high,high
Suraj Sharma,low,very-profitable,low,high,low
Julianne Hough,low,profitable,mid,mid-low,mid
Aubrey Plaza,low,very-profitable,mid,mid-high,high
Dane DeHaan,mid,very-profitable,high,mid-high,low
Jason Segel,low,profitable,low,mid-low,high
Sean Hayes,low,not-profitable,low,low,low
Ann Dowd,low,profitable,low,mid-high,low
Dax Shepard,low,very-profitable,low,mid-low,low
Alex Veadov,low,very-profitable,low,mid-high,low
Sam Riley,low,not-profitable,low,mid-low,low
Dylan O'Brien,mid,very-profitable,high,mid-high,low
Luke Evans,low,not-profitable,mid,mid-low,low
Lily Collins,mid,not-profitable,mid,mid-low,low
Ashley Hinshaw,low,not-profitable,low,low,low
Sheri Moon Zombie,low,not-profitable,low,low,low
Kathryn McCormick,low,very-profitable,low,mid-high,low
Paul Dano,low,not-profitable,low,mid-high,low
Natasha Calis,low,very-profitable,low,mid-low,low
Adelaide Clemens,low,profitable,low,low,low
Jean-Louis Trintignant,low,profitable,low,high,low
Quvenzhané Wallis,low,very-profitable,high,mid-low,high
Ashley Greene,low,not-profitable,low,low,low
Jonny Weston,low,not-profitable,low,mid-high,low
Josh Radnor,low,not-profitable,low,mid-high,low
Pål Sverre Hagen,low,not-profitable,low,mid-high,low
Stephen Dunham,low,very-profitable,low,low,low
John Magaro,low,not-profitable,low,mid-low,low
Jesse McCartney,low,very-profitable,low,low,low
Aamir Khan,low,not-profitable,low,mid-high,low
Ari Graynor,low,not-profitable,low,mid-low,low
Fernanda Andrade,low,very-profitable,low,low,low
Saif Ali Khan,low,not-profitable,low,mid-low,low
Victoria Justice,low,not-profitable,low,low,low
Peter Sarsgaard,low,not-profitable,low,mid-high,low
Domhnall Gleeson,low,very-profitable,low,high,low
Jason Sudeikis,mid,very-profitable,mid,mid-high,mid
Lorenza Izzo,low,profitable,low,low,low
Daniel Brühl,low,profitable,low,high,low
Jane Levy,low,very-profitable,low,mid-high,low
Emily Baldoni,low,profitable,low,mid-high,low
Alexandra Daddario,low,profitable,low,low,low
Nicholas Hoult,mid,not-profitable,mid,mid-high,mid
Karen Gillan,low,very-profitable,low,mid-high,low
Simon Rex,low,profitable,low,low,low
Oscar Isaac,mid,profitable,high,mid-high,mid
Chloë Grace Moretz,mid,profitable,mid,mid-low,high
Julia Louis-Dreyfus,low,profitable,low,mid-high,low
Gugu Mbatha-Raw,low,not-profitable,low,mid-high,low
Jaden Smith,low,not-profitable,low,low,low
Miles Teller,mid,very-profitable,high,mid-high,high
Chadwick Boseman,mid,profitable,mid,mid-high,low
Sophie Nélisse,low,profitable,low,mid-low,high
Katie Chang,low,profitable,low,mid-low,low
Hideaki Anno,low,very-profitable,low,high,low
Alice Englert,low,not-profitable,low,mid-low,low
Carlos Alazraqui,low,very-profitable,low,mid-low,low
Bill Hader,low,profitable,low,mid-high,low
Macon Blair,low,profitable,low,mid-high,low
Bruce Dern,low,profitable,low,high,low
Christoph Waltz,low,not-profitable,low,mid-low,low
Mark Strong,low,not-profitable,low,mid-high,low
Neil Patrick Harris,low,profitable,low,low,low
Michael B. Jordan,mid,very-profitable,high,high,low
Johnny Knoxville,low,very-profitable,high,mid-low,high
Amy Seimetz,low,very-profitable,low,mid-high,low
Liam Hemsworth,low,not-profitable,mid,mid-low,mid
Bérénice Bejo,low,not-profitable,low,high,low
Benedict Cumberbatch,mid,very-profitable,high,mid-high,high
Tiger Hu Chen,low,not-profitable,low,mid-low,low
Irrfan Khan,low,very-profitable,low,high,low
Chris Pratt,mid,very-profitable,high,mid-high,mid
Alicia Vikander,mid,not-profitable,mid,mid-high,high
Shailene Woodley,mid,very-profitable,high,mid-high,high
Jon Favreau,low,very-profitable,low,mid-high,low
Jemaine Clement,low,very-profitable,low,high,low
Frank Grillo,low,very-profitable,low,mid-low,low
Maika Monroe,low,very-profitable,low,mid-high,low
Brenton Thwaites,mid,not-profitable,mid,mid-low,mid
Sullivan Stapleton,low,profitable,low,mid-low,low
Ryan Potter,low,profitable,low,high,low
Jack O'Connell,low,profitable,low,mid-high,low
Perdita Weeks,low,very-profitable,low,mid-low,low
Ward Horton,low,very-profitable,low,low,low
Ellar Coltrane,low,very-profitable,low,high,low
Eddie Redmayne,mid,very-profitable,mid,mid-high,mid
Essie Davis,low,very-profitable,low,mid-high,low
Darío Grandinetti,low,very-profitable,low,high,low
Dan Stevens,low,not-profitable,low,mid-high,low
Joel Kinnaman,low,profitable,low,mid-low,low
Zoey Deutch,mid,profitable,mid,mid-low,mid
Rose Leslie,low,not-profitable,low,mid-low,low
Aaron Paul,low,profitable,low,mid-high,low
Seth MacFarlane,low,profitable,low,mid-low,low
Hugh Bonneville,low,very-profitable,low,mid-high,low
Richard Armitage,low,profitable,low,mid-low,low
Tom McGrath,low,profitable,low,mid-high,low
Heather Sossaman,low,very-profitable,low,mid-low,low
Gabriella Wilde,low,not-profitable,low,mid-low,low
Kit Harington,low,not-profitable,low,mid-low,mid
Kaitlyn Dever,low,profitable,mid,mid-high,mid
Jake Johnson,low,very-profitable,low,mid-high,low
Andy Powers,low,profitable,low,mid-low,low
Sharon Leal,low,profitable,low,low,low
David Oyelowo,mid,not-profitable,mid,mid-high,mid
Jon Hamm,low,not-profitable,low,mid-high,low
John Lloyd Young,low,not-profitable,low,mid-high,low
Kellan Lutz,low,not-profitable,low,low,low
Ryan Guzman,low,not-profitable,low,mid-low,low
Shane Harper,low,very-profitable,low,low,low
Ty Burrell,low,not-profitable,low,mid-high,low
Melissa McCarthy,mid,profitable,mid,mid-low,high
Christina Hendricks,low,profitable,high,mid-low,mid
Jared Harris,low,very-profitable,low,low,low
Taraji P. Henson,mid,very-profitable,high,mid-high,high
Sidse Babett Knudsen,low,not-profitable,low,mid-high,low
Olivia Cooke,low,very-profitable,high,mid-low,high
Kevin Hart,mid,profitable,low,mid-low,mid
Dakota Johnson,mid,very-profitable,high,low,high
Anya Taylor-Joy,low,very-profitable,low,mid-high,low
Brie Larson,mid,very-profitable,mid,mid-high,mid
Mark Ruffalo,low,very-profitable,low,high,low
Lily James,mid,profitable,mid,mid-high,mid
Daisy Ridley,mid,very-profitable,high,mid-high,mid
Melissa Rauch,low,not-profitable,low,mid-low,low
Jason Clarke,low,very-profitable,mid,mid-high,high
Olivia DeJonge,low,very-profitable,low,mid-low,low
Ed Helms,low,profitable,low,mid-low,low
Blake Lively,mid,profitable,high,mid-low,high
Jim Parsons,low,profitable,low,mid-high,low
Tom Hiddleston,low,not-profitable,mid,mid-low,mid
Amy Schumer,mid,profitable,mid,low,high
O'Shea Jackson Jr.,low,very-profitable,low,high,low
Lake Bell,low,profitable,low,mid-high,low
Edgar Ramírez,low,not-profitable,low,mid-low,high
Rupert Friend,low,profitable,low,mid-low,low
Adrian Grenier,low,not-profitable,low,mid-high,low
Tye Sheridan,low,profitable,mid,mid-high,high
Levi Miller,low,not-profitable,low,mid-low,low
Mae Whitman,low,very-profitable,low,mid-high,low
Bryan Cranston,low,not-profitable,low,mid-high,mid
Scott Eastwood,low,not-profitable,low,mid-high,low
Prabhas,low,not-profitable,low,high,low
Nat Wolff,low,very-profitable,low,mid-low,low
Abraham Attah,low,not-profitable,low,high,low
Bel Powley,low,not-profitable,low,mid-high,low
Kitana Kiki Rodriguez,low,very-profitable,low,mid-high,low
James Ransone,low,very-profitable,low,low,low
Ben Mendelsohn,low,not-profitable,low,mid-high,low
Taron Egerton,mid,profitable,mid,mid-high,high
Lily Tomlin,low,very-profitable,low,mid-high,low
Amy Landecker,low,profitable,low,mid-high,low
Shameik Moore,low,profitable,mid,high,high
Adam Scott,low,very-profitable,low,mid-low,low
Donnie Yen,low,profitable,low,mid-high,low
Noah Schnapp,low,profitable,low,mid-high,low
Olivia Wilde,low,very-profitable,low,low,low
Reese Mishler,low,very-profitable,low,low,low
Aubrey Peeples,low,not-profitable,low,low,low
Kate Mara,low,not-profitable,low,mid-low,low
Rob Corddry,low,not-profitable,low,low,low
Priscilla C. Shirer,low,very-profitable,low,mid-high,low
Travis Fimmel,low,profitable,low,mid-high,low
Emilia Clarke,low,very-profitable,low,high,low
Auli'i Cravalho,low,very-profitable,low,high,low
Vera Farmiga,low,very-profitable,low,mid-high,high
Eva Green,low,profitable,low,mid-high,low
Mahershala Ali,low,very-profitable,low,high,low
Neel Sethi,low,very-profitable,low,high,low
Ellen DeGeneres,low,very-profitable,low,mid-high,low
Teresa Palmer,low,very-profitable,low,mid-low,low
Mike Epps,low,very-profitable,low,low,low
Suki Waterhouse,low,not-profitable,low,low,low
Hailee Steinfeld,low,profitable,low,mid-high,mid
Adam Driver,low,not-profitable,mid,high,mid
Lauren Cohan,low,very-profitable,low,mid-low,low
Louis C.K.,low,very-profitable,low,mid-high,low
Andy Samberg,low,not-profitable,mid,mid-high,low
Blake Jenner,low,not-profitable,low,mid-high,low
Neal McDonough,low,not-profitable,low,mid-high,low
John Gallagher Jr.,low,profitable,low,mid-low,low
Jack Huston,low,not-profitable,low,mid-low,low
Keegan-Michael Key,low,not-profitable,low,mid-low,low
Lewis MacDougall,low,not-profitable,low,high,low
James Allen McCune,low,very-profitable,low,low,low
James Arnold Taylor,low,not-profitable,low,mid-low,low
Elizabeth Reaser,low,very-profitable,low,mid-low,low
Natalie Dormer,low,profitable,low,low,low
Lucas Till,low,not-profitable,low,mid-low,low
Joe Alwyn,low,not-profitable,low,mid-low,low
Ruth Negga,low,not-profitable,low,mid-high,low
Stephan James,low,not-profitable,low,mid-high,low
Bill Skarsgård,low,very-profitable,low,mid-high,low
Tom Holland,low,very-profitable,mid,high,low
Daniel Kaluuya,low,very-profitable,low,high,low
Fionn Whitehead,low,very-profitable,low,high,low
Anthony Gonzalez,low,very-profitable,low,high,low
Ansel Elgort,low,very-profitable,low,high,low
Gal Gadot,low,very-profitable,low,high,low
Jacob Tremblay,low,very-profitable,high,mid-high,high
Sally Hawkins,low,very-profitable,low,mid-high,low
Emma Watson,low,very-profitable,high,mid-low,high
Frances McDormand,low,very-profitable,low,high,low
Margot Robbie,low,profitable,mid,mid-high,high
Jessica Rothe,low,very-profitable,high,mid-high,low
Scott Shepherd,low,not-profitable,low,mid-high,low
Brooklynn Prince,low,very-profitable,low,high,low
Vicky Krieps,low,not-profitable,low,high,low
Anthony LaPaglia,low,very-profitable,low,mid-high,low
Andy Serkis,low,profitable,low,high,low
Michael Peña,low,not-profitable,low,mid-low,low
Kumail Nanjiani,low,very-profitable,low,high,low
Katie Leung,low,very-profitable,low,mid-high,low
Matt Passmore,low,very-profitable,low,mid-low,low
Amandla Stenberg,mid,profitable,mid,mid-high,high
Dacre Montgomery,low,not-profitable,low,mid-low,low
Joel Edgerton,low,profitable,low,mid-low,low
T.J. Miller,low,very-profitable,low,low,low
Rosario Dawson,low,not-profitable,low,low,low
Regina Hall,low,very-profitable,high,mid-low,mid
Sam Elliott,low,profitable,low,mid-high,low
Josh Gad,low,very-profitable,high,mid-high,low
Matilda Anna Ingrid Lutz,low,profitable,low,low,low
Demetrius Shipp Jr.,low,not-profitable,low,mid-low,low
Demi Lovato,low,profitable,low,mid-low,low
Eugenio Derbez,low,very-profitable,low,mid-low,low
Jason Drucker,low,not-profitable,low,low,low
Emily Mortimer,low,profitable,low,mid-high,low
Brett Dalton,low,not-profitable,low,mid-low,low
Douglas Smith,low,very-profitable,low,low,low
Rami Malek,low,very-profitable,low,high,low
Constance Wu,low,very-profitable,low,mid-high,mid
John David Washington,low,very-profitable,high,high,low
Boyd Holbrook,low,not-profitable,low,low,low
Alden Ehrenreich,low,not-profitable,low,mid-high,low
Bella Thorne,low,very-profitable,low,mid-high,low
Lady Gaga,low,very-profitable,low,high,low
Elsie Fisher,low,very-profitable,low,high,low
Olivia Colman,low,very-profitable,low,high,low
Benicio Del Toro,low,profitable,low,mid-high,low
Y'lan Noel,low,very-profitable,low,low,low
Demián Bichir,low,very-profitable,low,low,low
Zain Al Rafeea,low,very-profitable,low,high,low
Nick Robinson,low,profitable,low,high,low
James Corden,low,very-profitable,low,mid-high,low
Justin Theroux,low,not-profitable,low,mid-low,low
Logan Marshall-Green,low,profitable,low,high,low
Jovan Adepo,low,not-profitable,low,mid-high,low
Claire Foy,low,very-profitable,high,mid-low,low
Hera Hilmar,low,not-profitable,low,mid-low,low
Sunny Suljic,low,not-profitable,low,high,low
Viola Davis,low,not-profitable,low,mid-high,low
Leslie Mann,low,very-profitable,low,mid-low,low
Angourie Rice,low,profitable,low,mid-high,low
LaKeith Stanfield,low,very-profitable,low,mid-high,low
Lucy Hale,low,very-profitable,low,low,low
Storm Reid,low,not-profitable,low,low,low
Amber Heard,low,not-profitable,low,low,low
Ayushmann Khurrana,low,very-profitable,low,high,low
Aldis Hodge,low,not-profitable,low,mid-high,low
Lin Shaye,low,very-profitable,low,mid-low,low
Lucas Hedges,low,not-profitable,low,mid-high,low
Alex Roe,low,very-profitable,low,mid-high,low
Odessa Young,low,not-profitable,low,mid-low,low
Colin Woodell,low,very-profitable,low,mid-low,low
Mackenzie Foy,low,not-profitable,low,mid-low,low
Cynthea Mercado,low,profitable,low,mid-low,low
Kyrie Irving,low,profitable,low,mid-low,low
Shay Mitchell,low,very-profitable,low,low,low
KiKi Layne,low,not-profitable,low,mid-high,low
Alek Skarlatos,low,not-profitable,low,low,low
Steve Coogan,low,profitable,low,mid-high,low
Trevor Jackson,low,not-profitable,low,low,low
J. Michael Finley,low,very-profitable,low,mid-high,low
Masako Nozawa,low,very-profitable,low,high,low
Myles Truitt,low,not-profitable,low,mid-low,low
Wendi McLendon-Covey,low,profitable,low,mid-low,low
Tiffany Haddish,low,not-profitable,low,low,low
Florence Pugh,low,very-profitable,low,mid-high,low
Taylor Russell,low,very-profitable,low,mid-high,low
Himesh Patel,low,very-profitable,low,mid-high,low
Josephine Langford,low,very-profitable,low,low,low
Roman Griffin Davis,low,very-profitable,low,high,low
Zachary Levi,low,profitable,low,mid-high,low
Dean-Charles Chapman,low,very-profitable,low,high,low
Rosa Salazar,low,profitable,low,mid-high,low
Lupita Nyong'o,low,very-profitable,low,mid-high,low
Samara Weaving,low,very-profitable,low,mid-high,low
David Harbour,low,not-profitable,low,low,low
Linda Hamilton,low,not-profitable,low,mid-low,low
Stephen Campbell Moore,low,very-profitable,low,high,low
Isabela Merced,low,profitable,low,mid-low,low
Donald Glover,low,very-profitable,low,mid-high,low
Kyle Chandler,low,profitable,low,mid-low,low
Elizabeth Banks,low,very-profitable,low,mid-low,low
Zack Gottsagen,low,very-profitable,low,high,low
Octavia Spencer,low,very-profitable,low,mid-low,low
Haley Lu Richardson,low,very-profitable,low,mid-high,low
Kaya Scodelario,low,very-profitable,low,mid-low,low
Oakes Fegley,low,not-profitable,low,mid-low,low
Patton Oswalt,low,very-profitable,low,mid-high,low
Linda Cardellini,low,very-profitable,low,low,low
Zoe Margaret Colletti,low,very-profitable,low,mid-low,low
Michael Ealy,low,very-profitable,low,mid-low,low
Kotaro Daigo,low,very-profitable,low,high,low
Jake Schur,low,not-profitable,low,mid-low,low
Dave Bautista,low,profitable,low,mid-low,low
Billy Barratt,low,not-profitable,low,mid-high,low
Chloe Bennet,low,profitable,low,mid-high,low
Rebel Wilson,low,not-profitable,low,mid-low,low
Gina Rodriguez,low,not-profitable,low,mid-low,low
Sofia Mali,low,not-profitable,low,mid-low,low
Tony Jaa,low,not-profitable,low,mid-low,low
Jing Wu,low,very-profitable,low,mid-low,low
Louis Ashbourne Serkis,low,not-profitable,low,mid-low,low
Marcel Ruiz,low,profitable,low,mid-low,low
Yara Shahidi,low,not-profitable,low,mid-low,low
Melanie Martinez,low,not-profitable,low,mid-high,low
Ashley Bratcher,low,profitable,low,mid-low,low
Terry Serpico,low,not-profitable,low,mid-high,low
Ace Young,low,not-profitable,low,mid-low,low
Elisabeth Moss,low,very-profitable,low,mid-high,low
Ben Schwartz,low,profitable,low,mid-high,low
Zhi-zhong Huang,low,very-profitable,low,mid-high,low
