director_name,director_num_movies,director_profit_mean,director_profit_std,director_score_mean,director_score_std
Stanley Kubrick,mid,profitable,low,high,mid
Randal Kleiser,mid,very-profitable,high,mid-low,high
Irvin Kershner,mid,very-profitable,high,mid-high,high
Jim Abrahams,mid,very-profitable,high,mid-high,high
Harold Ramis,high,profitable,mid,mid-low,high
Sean S. Cunningham,low,very-profitable,high,mid-low,high
John Landis,high,profitable,mid,mid-high,high
Martin Scorsese,high,not-profitable,mid,high,mid
Richard Lester,mid,not-profitable,low,mid-low,high
Walter Hill,high,not-profitable,mid,mid-low,mid
Buddy Van Horn,mid,profitable,mid,mid-low,mid
Jamie Uys,low,very-profitable,low,mid-high,low
Robert Altman,high,not-profitable,mid,mid-low,high
Robert Redford,high,profitable,high,mid-high,mid
Brian De Palma,high,not-profitable,mid,mid-high,high
Jeannot Szwarc,mid,not-profitable,low,mid-low,high
Colin Higgins,low,very-profitable,high,mid-high,mid
John Carpenter,high,profitable,high,mid-high,high
William Friedkin,high,not-profitable,low,mid-low,high
Michael Cimino,mid,not-profitable,low,mid-low,high
Don Taylor,low,not-profitable,low,mid-high,low
Robert Greenwald,low,not-profitable,low,low,low
Stuart Rosenberg,low,profitable,mid,mid-high,mid
Paul Schrader,mid,not-profitable,mid,mid-low,high
Lamont Johnson,low,not-profitable,low,mid-low,mid
Howard Zieff,mid,profitable,mid,mid-high,mid
Floyd Mutrux,low,not-profitable,mid,mid-low,low
Kevin Connor,low,profitable,low,mid-low,low
Richard Rush,low,not-profitable,mid,mid-low,high
Michael Ritchie,mid,profitable,mid,mid-low,mid
Clive Donner,low,not-profitable,low,low,low
Woody Allen,high,not-profitable,mid,mid-high,mid
Jonathan Demme,high,profitable,high,mid-high,high
Clint Eastwood,high,profitable,mid,mid-high,high
James Goldstone,low,not-profitable,low,low,low
Joe Camp,low,not-profitable,low,low,low
Eric Karson,low,very-profitable,low,low,low
Charles Jarrott,low,not-profitable,low,mid-low,low
Paul Mazursky,mid,not-profitable,mid,mid-low,low
John Huston,mid,not-profitable,low,mid-low,high
Steven Spielberg,high,very-profitable,high,high,mid
Sam Raimi,high,profitable,mid,mid-high,mid
Bob Clark,mid,very-profitable,high,low,high
Desmond Davis,low,profitable,low,mid-high,low
John Boorman,mid,not-profitable,mid,mid-high,mid
George Miller,high,profitable,mid,mid-high,high
Ivan Reitman,high,very-profitable,high,mid-low,high
Hal Needham,mid,not-profitable,mid,low,high
Michael Mann,high,not-profitable,mid,mid-high,high
Terry Gilliam,high,profitable,mid,mid-high,high
Steve Miner,mid,very-profitable,high,mid-low,mid
John Glen,mid,profitable,mid,mid-low,high
Rick Rosenthal,low,very-profitable,high,low,high
Harold Becker,mid,profitable,mid,mid-low,mid
Warren Beatty,mid,not-profitable,mid,mid-high,high
Directors,high,profitable,mid,mid-high,high
Hugh Hudson,mid,very-profitable,high,mid-low,high
Sydney Pollack,mid,profitable,high,mid-high,high
John Derek,low,profitable,high,low,low
Steve Gordon,low,very-profitable,low,mid-high,low
Mel Brooks,mid,not-profitable,mid,mid-high,mid
Joe Dante,high,very-profitable,high,mid-high,mid
Matthew Robbins,mid,not-profitable,mid,mid-low,high
Ivan Passer,low,not-profitable,low,mid-high,low
Jean-Jacques Annaud,mid,not-profitable,low,mid-high,low
Graham Baker,mid,profitable,mid,mid-low,mid
Frank Perry,low,profitable,low,mid-high,low
Alan Myerson,low,very-profitable,low,low,low
Bob Rafelson,mid,not-profitable,low,mid-low,high
Wes Craven,high,very-profitable,high,mid-low,high
Peter Yates,mid,not-profitable,low,mid-low,low
Peter Hyams,high,not-profitable,mid,mid-low,high
Blake Edwards,high,not-profitable,low,mid-low,high
Lucio Fulci,low,not-profitable,low,mid-high,low
Francis Ford Coppola,high,not-profitable,mid,mid-high,mid
Ulu Grosbard,mid,not-profitable,low,mid-high,low
Bruce Malmuth,low,very-profitable,low,mid-low,mid
John G. Avildsen,mid,profitable,high,mid-high,high
Michael Wadleigh,low,not-profitable,low,mid-low,low
Sidney Lumet,high,not-profitable,mid,mid-high,high
Ken Wiederhorn,low,not-profitable,low,mid-low,low
Steve Rash,low,not-profitable,low,low,low
Michael Schultz,mid,profitable,mid,mid-low,mid
Ken Shapiro,low,profitable,low,low,low
Herbert Ross,mid,very-profitable,high,mid-high,mid
William A. Fraker,low,not-profitable,low,low,low
Franklin J. Schaffner,low,not-profitable,low,low,high
Luis Valdez,low,very-profitable,high,mid-high,low
Billy Wilder,low,not-profitable,low,mid-high,low
Oz Scott,low,profitable,low,mid-low,low
Allan Arkush,mid,not-profitable,low,low,high
Gus Trikonis,low,very-profitable,low,low,low
John Badham,mid,profitable,mid,mid-high,mid
Terence Young,low,not-profitable,low,low,low
Jean-Claude Tramont,low,not-profitable,low,mid-low,low
Roger Spottiswoode,high,not-profitable,mid,mid-low,high
Alan J. Pakula,mid,profitable,high,mid-high,high
John Schlesinger,mid,not-profitable,low,mid-low,high
Noel Nosseck,low,not-profitable,low,mid-low,low
Amy Heckerling,mid,very-profitable,high,mid-low,high
Ridley Scott,high,profitable,mid,mid-high,high
John Milius,mid,not-profitable,mid,mid-low,mid
Ted Kotcheff,mid,profitable,high,mid-high,high
Taylor Hackford,high,profitable,high,mid-high,high
Patricia Birch,low,not-profitable,low,low,low
Tobe Hooper,mid,profitable,high,mid-low,high
Nicholas Meyer,mid,profitable,high,mid-high,high
Richard Attenborough,mid,not-profitable,low,mid-high,mid
Steven Lisberger,low,not-profitable,low,mid-high,low
Don Bluth,mid,not-profitable,mid,mid-high,mid
Sylvester Stallone,mid,very-profitable,high,mid-high,high
Don Coscarelli,mid,not-profitable,low,mid-high,mid
George A. Romero,mid,not-profitable,mid,mid-low,high
Alan Parker,high,not-profitable,low,mid-high,mid
Ingmar Bergman,low,not-profitable,low,high,low
Tommy Lee Wallace,low,profitable,high,mid-low,mid
Jim Henson,low,not-profitable,mid,mid-high,low
Juan Piquer Simón,low,very-profitable,low,mid-low,low
George Roy Hill,low,not-profitable,low,mid-high,high
Barry Levinson,high,profitable,high,mid-high,high
Peter Weir,mid,profitable,high,mid-high,mid
Jules Bass,low,not-profitable,low,high,low
Sidney J. Furie,mid,not-profitable,low,low,high
Ken Finkleman,low,not-profitable,low,mid-low,low
Richard Donner,high,profitable,high,mid-high,mid
Mark Rosman,mid,very-profitable,high,mid-low,low
Guy Hamilton,low,not-profitable,low,mid-high,low
Michael Winner,mid,profitable,high,mid-low,mid
Michael Miller,low,profitable,low,mid-low,low
Robert Towne,mid,not-profitable,low,mid-high,mid
Carl Reiner,low,not-profitable,low,mid-low,high
Damiano Damiani,low,profitable,low,mid-low,low
Costa-Gavras,low,not-profitable,low,mid-high,high
David S. Ward,mid,not-profitable,mid,mid-low,high
Robert Benton,mid,not-profitable,low,mid-low,mid
Charles Band,low,not-profitable,low,low,low
Ian Sharp,low,not-profitable,low,mid-high,low
Tony Richardson,mid,not-profitable,low,mid-low,low
Norman Jewison,mid,profitable,mid,mid-high,high
Hal Ashby,low,not-profitable,low,mid-low,mid
Fred Schepisi,high,not-profitable,low,mid-low,low
James Glickenhaus,mid,not-profitable,low,mid-low,mid
Richard Brooks,low,not-profitable,low,low,high
Jerry Belson,low,not-profitable,low,mid-low,mid
James Fargo,low,not-profitable,low,mid-low,low
Delbert Mann,low,not-profitable,low,mid-high,low
Thomas K. Avildsen,low,profitable,low,mid-low,low
Don Siegel,low,not-profitable,low,low,low
Fred Zinnemann,low,not-profitable,low,mid-low,low
James Burrows,low,not-profitable,low,low,low
Richard Marquand,low,very-profitable,high,high,high
Paul Brickman,low,very-profitable,low,mid-high,low
Lawrence Kasdan,mid,profitable,mid,mid-high,mid
Joe Alves,low,very-profitable,low,low,low
Adrian Lyne,mid,very-profitable,high,mid-high,mid
Philip Kaufman,mid,not-profitable,mid,mid-high,high
David Cronenberg,high,not-profitable,mid,mid-high,high
Noel Black,low,very-profitable,low,low,low
Martha Coolidge,mid,very-profitable,high,mid-low,mid
James L. Brooks,mid,very-profitable,high,mid-high,high
Lewis Teague,mid,profitable,mid,mid-low,low
Jim McBride,low,profitable,low,mid-low,mid
Richard Franklin,low,very-profitable,high,mid-low,mid
Mike Nichols,high,profitable,mid,mid-high,mid
Michael Chapman,low,not-profitable,mid,mid-low,mid
Barbra Streisand,mid,profitable,mid,mid-high,low
Ralph Bakshi,low,not-profitable,low,mid-low,high
Mel Damski,low,not-profitable,low,mid-low,low
Terry Jones,low,not-profitable,mid,mid-high,high
James Sbardellati,low,very-profitable,low,low,low
Jack Clayton,low,not-profitable,low,mid-high,low
Bob Fosse,low,not-profitable,low,mid-high,low
Michael Apted,high,not-profitable,mid,mid-low,mid
Steve Carver,low,profitable,low,mid-low,low
Curtis Hanson,mid,profitable,mid,mid-high,high
Rafal Zielinski,low,profitable,low,low,low
Douglas Trumbull,low,not-profitable,low,mid-high,low
Robert Vincent O'Neil,low,very-profitable,low,mid-low,low
J. Lee Thompson,mid,not-profitable,low,mid-low,mid
Howard Avedis,low,very-profitable,low,low,low
Andrew V. McLaglen,low,not-profitable,low,low,low
John Herzfeld,low,not-profitable,low,low,high
Paul Nicholas,low,very-profitable,low,low,low
Brian G. Hutton,low,not-profitable,low,mid-low,low
Clive Smith,low,not-profitable,low,mid-high,low
Luigi Cozzi,low,very-profitable,low,low,low
Richard Fleischer,mid,not-profitable,low,low,high
Sam Peckinpah,low,not-profitable,low,mid-low,low
Sam Firstenberg,mid,very-profitable,high,mid-low,mid
Alan Johnson,low,not-profitable,low,mid-low,high
George P. Cosmatos,mid,profitable,mid,mid-high,high
Joel Schumacher,high,profitable,mid,mid-low,high
John Mackenzie,mid,not-profitable,mid,mid-low,mid
Peter Sasdy,low,not-profitable,low,low,low
Joseph Sargent,low,not-profitable,low,low,high
Jeff Kanew,mid,not-profitable,mid,mid-low,mid
John Sayles,high,profitable,high,mid-high,mid
Amy Holden Jones,low,very-profitable,high,mid-low,low
Ferdinand Fairfax,low,not-profitable,low,mid-low,low
William Olsen,low,very-profitable,low,low,low
Marshall Brickman,low,not-profitable,low,mid-low,high
Donald Shebib,low,not-profitable,low,mid-high,low
Michael Tuchner,low,not-profitable,low,low,low
Charles Burnett,low,not-profitable,low,mid-high,low
James Cameron,mid,very-profitable,high,high,mid
David Lynch,mid,not-profitable,low,high,mid
Sergio Leone,low,not-profitable,low,high,low
Hugh Wilson,mid,very-profitable,high,mid-low,high
Milos Forman,mid,not-profitable,mid,high,mid
Martin Brest,mid,very-profitable,high,mid-high,high
Wolfgang Petersen,high,profitable,mid,mid-high,mid
Robert Zemeckis,high,very-profitable,high,mid-high,high
John Hughes,mid,very-profitable,high,mid-high,high
Rob Reiner,high,profitable,mid,mid-high,high
Fritz Kiersch,low,very-profitable,low,mid-low,low
Nick Castle,low,not-profitable,low,mid-high,low
Ron Howard,high,profitable,mid,mid-high,high
Joel Coen,high,profitable,mid,high,mid
Neal Israel,low,very-profitable,low,mid-low,low
Hayao Miyazaki,mid,very-profitable,high,high,low
Joseph Zito,mid,very-profitable,high,mid-low,low
Roger Donaldson,high,profitable,mid,mid-high,mid
Mark L. Lester,mid,not-profitable,mid,mid-low,mid
Douglas Cheek,low,profitable,low,mid-low,low
Gene Wilder,low,not-profitable,mid,mid-low,low
Leonard Nimoy,mid,very-profitable,high,mid-high,high
Alex Cox,mid,not-profitable,low,mid-high,high
Roland Joffé,mid,not-profitable,low,mid-low,high
Thom Eberhardt,mid,very-profitable,high,mid-low,low
Stewart Raffill,mid,not-profitable,low,low,high
Jim Jarmusch,mid,very-profitable,high,high,low
David Lean,low,not-profitable,low,mid-high,low
Albert Magnoli,low,very-profitable,low,mid-high,low
John Guillermin,low,not-profitable,low,low,high
Neil Jordan,high,not-profitable,mid,mid-high,mid
Richard Benjamin,high,not-profitable,mid,mid-low,mid
Charles E. Sellier Jr.,low,profitable,low,mid-low,low
Stan Lathan,low,not-profitable,low,mid-high,low
John Byrum,low,not-profitable,low,mid-high,low
Arthur Hiller,mid,not-profitable,mid,mid-low,high
Mark Rydell,mid,not-profitable,low,mid-low,mid
Charles Shyer,mid,not-profitable,mid,mid-low,mid
William Tannen,low,not-profitable,low,mid-high,low
Paul Bartel,low,not-profitable,low,mid-high,low
Douglas Day Stewart,low,not-profitable,low,mid-low,low
Willard Huyck,low,not-profitable,low,low,mid
Alan Rudolph,mid,not-profitable,mid,mid-low,high
Gillian Armstrong,mid,not-profitable,mid,mid-high,mid
Peter Webb,low,not-profitable,low,low,low
Louis Malle,low,not-profitable,low,low,low
James Bridges,mid,not-profitable,low,low,high
Richard C. Sarafian,low,very-profitable,low,mid-low,low
Adam Brooks,low,not-profitable,low,low,low
Jonathan Lynn,mid,not-profitable,mid,mid-high,high
Peter Bogdanovich,mid,not-profitable,mid,mid-low,high
Dan O'Bannon,low,profitable,low,mid-high,low
Akira Kurosawa,mid,not-profitable,low,high,mid
James Ivory,mid,not-profitable,mid,mid-high,high
Tom Holland,mid,profitable,mid,mid-high,mid
Jack Sholder,mid,very-profitable,high,mid-low,high
Tim Burton,high,profitable,mid,mid-high,mid
Jerry Paris,low,very-profitable,low,mid-low,low
Ted Berman,low,not-profitable,low,mid-high,low
Danny Steinmann,low,very-profitable,low,low,low
Andrey Konchalovskiy,low,not-profitable,low,mid-high,mid
Stuart Gordon,mid,not-profitable,low,mid-low,high
Susan Seidelman,low,very-profitable,low,mid-low,low
Howard Storm,low,profitable,low,mid-low,low
Daniel Attias,low,not-profitable,low,mid-high,low
Joyce Chopra,low,not-profitable,low,mid-low,high
James Komack,low,profitable,low,low,low
Geoff Murphy,mid,not-profitable,low,mid-low,high
Martin Ritt,mid,not-profitable,mid,mid-high,low
Kevin Reynolds,mid,not-profitable,mid,mid-high,mid
Rudy De Luca,low,profitable,low,low,low
Donna Deitch,low,not-profitable,low,mid-high,low
Stan Dragoti,low,not-profitable,low,mid-low,mid
Andrew Davis,high,profitable,mid,mid-high,mid
Burt Reynolds,low,not-profitable,low,mid-low,low
Franc Roddam,low,not-profitable,low,low,low
Bruce Beresford,mid,profitable,high,mid-high,high
Lance Hool,low,profitable,high,low,low
Phillip Borsos,low,not-profitable,low,mid-low,low
Steven Hahn,low,not-profitable,low,mid-high,low
Arna Selznick,low,very-profitable,low,mid-low,low
Bud Yorkin,low,not-profitable,low,mid-high,low
Joel Silberg,low,not-profitable,low,low,low
Tony Scott,high,profitable,high,mid-high,mid
Peter Faiman,low,very-profitable,high,mid-high,low
Russell Mulcahy,mid,not-profitable,mid,mid-low,high
Howard Deutch,mid,not-profitable,mid,mid-low,high
Oliver Stone,high,profitable,high,mid-high,mid
Frank Oz,high,profitable,mid,mid-high,mid
Tim Hunter,low,profitable,low,mid-high,low
Menahem Golan,low,not-profitable,low,mid-low,low
Mike Marvin,low,not-profitable,low,mid-low,low
David Anspaugh,low,profitable,high,mid-low,high
Stephen King,low,not-profitable,low,mid-low,low
David Seltzer,low,not-profitable,low,mid-high,high
Tom McLoughlin,low,profitable,high,mid-low,low
Alan Metter,low,very-profitable,high,low,high
Edward Zwick,high,profitable,mid,mid-high,mid
Stephen Herek,high,profitable,mid,mid-low,high
John McNaughton,mid,profitable,mid,mid-high,mid
Fred Dekker,mid,not-profitable,low,mid-low,high
Robert Harmon,low,not-profitable,low,mid-high,high
Harry Winer,low,not-profitable,low,mid-low,low
John Irvin,mid,not-profitable,low,mid-low,low
Nelson Shin,low,not-profitable,low,mid-high,low
John Carl Buechler,low,very-profitable,mid,low,mid
James Foley,high,profitable,mid,mid-low,high
Spike Lee,high,very-profitable,high,mid-high,high
Brian Gibson,mid,not-profitable,mid,mid-low,high
Gary Nelson,low,not-profitable,low,low,low
Randa Haines,low,profitable,low,mid-high,low
Fred Walton,low,profitable,low,mid-low,low
Roman Polanski,high,not-profitable,mid,mid-high,mid
Richard Pearce,low,not-profitable,low,mid-low,low
Trevor Nunn,low,not-profitable,low,mid-high,low
Robert Mandel,low,not-profitable,low,mid-high,low
Paul Michael Glaser,mid,not-profitable,low,low,high
Richard Wenk,low,not-profitable,low,mid-low,low
Kevin Tenney,low,profitable,low,mid-low,mid
Richard Pryor,low,not-profitable,low,mid-high,low
Dick Richards,low,not-profitable,low,mid-low,low
Jim Goddard,low,not-profitable,low,low,low
Gene Saks,low,not-profitable,low,mid-high,low
Jack Fisk,low,not-profitable,low,mid-low,low
Daryl Duke,low,not-profitable,low,mid-low,low
Michelle Manning,low,not-profitable,low,low,low
Zoran Perisic,low,not-profitable,low,low,low
Renny Harlin,high,not-profitable,mid,mid-low,high
Jerrold Freedman,low,not-profitable,low,mid-low,low
John McTiernan,high,profitable,mid,mid-high,high
Paul Verhoeven,mid,profitable,mid,mid-high,high
Emile Ardolino,mid,very-profitable,high,mid-high,mid
Chris Columbus,high,very-profitable,high,mid-high,high
Kathryn Bigelow,mid,not-profitable,mid,mid-high,mid
Michael Gottlieb,mid,profitable,high,low,high
Gary Goddard,low,not-profitable,low,low,low
Chuck Russell,mid,very-profitable,high,mid-low,mid
Garry Marshall,high,very-profitable,high,mid-low,high
William Dear,low,profitable,mid,mid-low,low
Michael Gornick,low,very-profitable,low,mid-low,low
Tom Mankiewicz,low,not-profitable,mid,mid-low,low
Danny DeVito,mid,profitable,mid,mid-high,mid
Christopher Leitch,low,profitable,low,low,low
John R. Cherry III,mid,very-profitable,mid,mid-low,low
Barbet Schroeder,mid,not-profitable,mid,mid-low,mid
Peter Werner,low,not-profitable,low,mid-low,low
Elaine May,low,not-profitable,low,low,low
Norman Mailer,low,not-profitable,low,low,low
Rod Amateau,low,not-profitable,low,low,low
Jonathan Kaplan,mid,not-profitable,low,mid-low,mid
Phil Joanou,mid,not-profitable,low,mid-high,mid
Ruggero Deodato,low,not-profitable,low,low,low
Peter R. Hunt,low,not-profitable,low,low,low
James Toback,mid,not-profitable,low,low,low
Hector Babenco,low,not-profitable,low,mid-high,low
Bob Giraldi,low,not-profitable,low,mid-high,low
Rod Daniel,mid,very-profitable,high,low,mid
Jerry Schatzberg,low,not-profitable,low,mid-high,low
Christopher Cain,mid,not-profitable,mid,mid-low,high
Mike Hodges,low,not-profitable,low,mid-low,low
Wayne Wang,mid,not-profitable,mid,mid-low,high
Tom Daley,low,not-profitable,low,low,low
Paul Weiland,mid,not-profitable,mid,low,high
Michael Radford,mid,profitable,high,mid-high,high
Robert Townsend,low,very-profitable,high,mid-low,high
Harley Cokeliss,low,not-profitable,low,mid-low,low
Tony Bill,mid,not-profitable,mid,mid-high,mid
Roger Young,low,not-profitable,low,low,low
Phil Alden Robinson,mid,profitable,mid,mid-high,mid
Bill Condon,high,profitable,mid,mid-low,high
Penny Marshall,mid,profitable,mid,mid-high,high
John Cornell,low,very-profitable,high,mid-low,low
Michael Lehmann,mid,not-profitable,mid,mid-low,high
Donald Petrie,high,not-profitable,mid,mid-low,mid
Giuseppe Tornatore,low,profitable,low,high,low
David Zucker,mid,profitable,mid,mid-low,high
Charles Crichton,low,very-profitable,low,high,low
Newt Arnold,low,very-profitable,low,mid-high,low
Peter MacDonald,low,profitable,low,mid-low,low
Stephen Frears,high,not-profitable,mid,mid-high,high
Julien Temple,low,not-profitable,low,low,low
John Waters,mid,not-profitable,mid,mid-low,mid
Ron Shelton,mid,not-profitable,mid,mid-low,mid
George Scribner,low,profitable,low,mid-high,low
Dwight H. Little,mid,profitable,mid,mid-low,mid
James Signorelli,low,not-profitable,low,mid-high,low
Keenen Ivory Wayans,mid,very-profitable,high,mid-low,high
Stan Winston,low,not-profitable,low,mid-low,low
Greg Beeman,low,not-profitable,mid,mid-low,mid
Tony Randel,low,very-profitable,low,mid-high,low
Dennis Hopper,low,profitable,high,mid-high,low
Ken Russell,low,not-profitable,low,mid-low,low
Robert Bierman,low,not-profitable,low,mid-low,low
Ken Annakin,low,not-profitable,low,mid-low,low
William Lustig,low,not-profitable,low,mid-low,low
Pedro Almodóvar,mid,very-profitable,high,high,low
Zelda Barron,low,not-profitable,low,mid-high,low
Daniel Petrie,low,not-profitable,low,mid-low,high
Gary Sherman,low,not-profitable,low,low,low
Anthony Hickox,mid,not-profitable,mid,mid-low,mid
Bud S. Smith,low,not-profitable,low,low,low
Kenneth Johnson,low,not-profitable,low,low,high
Bob Swaim,low,not-profitable,low,mid-low,low
Craig R. Baxley,mid,not-profitable,mid,mid-low,mid
Frank LaLoggia,low,not-profitable,low,mid-high,low
Steve De Jarnatt,low,not-profitable,low,mid-high,low
Mick Garris,low,not-profitable,low,low,low
Mark Goldblatt,low,not-profitable,low,mid-low,low
Ken Kwapis,mid,profitable,mid,mid-low,mid
Ernest Thompson,low,not-profitable,low,mid-low,low
Henry Winkler,low,not-profitable,mid,low,high
Andrew Fleming,mid,not-profitable,low,mid-low,mid
James B. Harris,low,not-profitable,low,mid-low,high
Paul Golding,low,not-profitable,low,low,low
Mike Figgis,mid,not-profitable,high,mid-low,mid
Joan Micklin Silver,low,very-profitable,low,mid-high,low
Pen Densham,low,not-profitable,low,low,low
Janet Greek,low,not-profitable,low,mid-low,low
Marisa Silver,low,not-profitable,low,mid-high,low
Nicolas Roeg,low,not-profitable,low,mid-low,low
Christopher Crowe,low,not-profitable,low,mid-low,mid
Bill Fishman,low,not-profitable,low,mid-low,low
Martin Donovan,low,not-profitable,low,mid-high,low
Rowdy Herrington,mid,not-profitable,low,mid-low,mid
Ron Clements,mid,very-profitable,high,high,mid
Joe Johnston,mid,profitable,high,mid-high,mid
Steven Soderbergh,high,profitable,high,mid-high,high
Mary Lambert,mid,profitable,mid,low,high
Jeremiah S. Chechik,mid,not-profitable,mid,mid-low,high
Eddie Murphy,low,profitable,low,mid-low,low
John Flynn,low,not-profitable,mid,mid-low,low
Todd Holland,low,profitable,low,mid-low,low
Jay Levey,low,not-profitable,low,mid-high,low
William Shatner,low,not-profitable,low,mid-low,low
Albert Pyun,low,very-profitable,low,low,low
Robert Radler,low,not-profitable,low,mid-low,mid
Phillip Noyce,high,profitable,mid,mid-high,mid
Mark DiSalle,low,very-profitable,high,mid-low,mid
Gus Van Sant,high,profitable,high,mid-high,high
Stephen Hopkins,high,not-profitable,mid,mid-low,high
Dominique Othenin-Girard,low,profitable,low,low,low
Kenneth Branagh,high,profitable,mid,mid-high,mid
Rob Hedden,low,profitable,low,low,low
Michael Caton-Jones,mid,not-profitable,low,mid-low,high
Steve Kloves,low,not-profitable,low,mid-high,low
Graeme Clifford,low,not-profitable,low,mid-low,high
Philippe Mora,low,not-profitable,low,mid-low,low
Joe Pytka,low,not-profitable,mid,mid-high,low
John Dahl,mid,not-profitable,low,mid-high,mid
Masami Hata,low,not-profitable,low,mid-high,low
Jim Wynorski,low,not-profitable,low,low,low
Peter Bonerz,low,not-profitable,low,low,low
Francis Veber,low,profitable,low,mid-low,low
Thomas J. Wright,low,profitable,low,low,low
Jeff Burr,low,not-profitable,mid,low,mid
Christopher Guest,mid,not-profitable,low,mid-high,high
Bob Balaban,low,not-profitable,low,mid-low,mid
Gary David Goldberg,low,not-profitable,low,mid-low,low
Jim Drake,low,not-profitable,low,low,low
Norman René,low,not-profitable,low,high,low
Martin Davidson,low,not-profitable,low,low,low
Euzhan Palcy,low,not-profitable,low,mid-high,low
James Isaac,low,not-profitable,low,low,mid
Michael Herz,low,not-profitable,low,low,low
John Frankenheimer,mid,not-profitable,low,mid-low,high
Richard Baskin,low,not-profitable,low,mid-high,low
Jim Wheat,low,not-profitable,low,mid-low,low
Michael Crichton,low,not-profitable,low,low,low
Robert Ellis Miller,low,not-profitable,low,low,low
Savage Steve Holland,low,not-profitable,low,mid-low,low
Luis Puenzo,low,not-profitable,low,mid-low,low
Jeff Blyth,low,not-profitable,low,mid-low,low
David Greenwalt,low,not-profitable,low,low,low
Howard Brookner,low,not-profitable,low,mid-low,low
Bill Forsyth,low,not-profitable,low,mid-low,mid
Jerry Zucker,mid,very-profitable,high,mid-high,mid
Kevin Costner,mid,very-profitable,high,mid-high,high
Ron Underwood,mid,not-profitable,mid,mid-low,high
Steve Barron,mid,very-profitable,high,mid-low,high
Frank Marshall,mid,profitable,low,mid-high,high
Abel Ferrara,mid,not-profitable,low,mid-high,mid
John Lafia,low,profitable,low,mid-low,mid
John Patrick Shanley,low,profitable,low,mid-high,high
Richard Linklater,high,very-profitable,high,mid-high,high
Simon Wincer,mid,profitable,high,mid-low,high
Clive Barker,low,not-profitable,low,mid-low,low
Jack Nicholson,low,not-profitable,low,mid-low,low
Sheldon Lettich,mid,profitable,mid,mid-low,mid
Dennis Dugan,high,profitable,mid,mid-low,high
Hendel Butoy,low,not-profitable,low,mid-high,low
Reginald Hudlin,mid,profitable,high,mid-low,high
Tom Savini,low,not-profitable,low,mid-high,low
Frank Henenlotter,low,not-profitable,low,mid-low,low
Sally Mattison,low,profitable,low,low,low
Deran Sarafian,low,profitable,mid,mid-low,low
Howard Franklin,mid,not-profitable,low,mid-low,mid
Richard Stanley,low,profitable,low,mid-low,low
James Orr,low,not-profitable,low,mid-high,low
Andrew Bergman,mid,not-profitable,low,mid-low,high
Ralph S. Singleton,low,not-profitable,low,low,low
Bernardo Bertolucci,mid,not-profitable,low,mid-high,mid
John Harrison,low,very-profitable,low,mid-low,low
Whit Stillman,mid,very-profitable,high,mid-high,mid
Karel Reisz,low,not-profitable,low,low,low
David Green,low,not-profitable,low,low,low
Robert Resnikoff,low,profitable,low,mid-low,low
Martin Sheen,low,not-profitable,low,mid-high,low
Adam Simon,low,not-profitable,low,low,high
Dario Argento,low,not-profitable,low,mid-low,low
Hal Hartley,low,not-profitable,low,mid-high,low
Jan Egleson,low,not-profitable,low,mid-high,low
Malcolm Mowbray,low,not-profitable,low,mid-low,low
Roger Corman,low,not-profitable,low,mid-low,low
Patrick Read Johnson,low,profitable,high,mid-low,mid
Tibor Takács,low,not-profitable,low,low,low
Prince,low,not-profitable,low,low,low
Jon Amiel,mid,not-profitable,mid,mid-low,mid
Sondra Locke,low,not-profitable,low,mid-low,low
John Singleton,mid,profitable,mid,mid-high,high
Barry Sonnenfeld,high,profitable,mid,mid-high,high
Alfonso Cuarón,mid,very-profitable,high,high,mid
Gary Trousdale,mid,very-profitable,high,mid-high,mid
Jon Avnet,mid,profitable,high,mid-high,high
Peter Hewitt,mid,not-profitable,mid,low,high
Joseph Ruben,mid,very-profitable,high,mid-low,mid
William A. Graham,low,not-profitable,low,low,low
Ate de Jong,low,profitable,low,mid-low,low
Dan Aykroyd,low,not-profitable,low,low,low
Michael Pressman,low,profitable,low,mid-low,low
Mario Van Peebles,low,profitable,mid,mid-low,high
Daniel Petrie Jr.,low,not-profitable,low,mid-high,low
Jack Bender,low,not-profitable,low,low,low
Rachel Talalay,mid,not-profitable,mid,low,mid
Leos Carax,low,not-profitable,low,high,low
Brian Levant,mid,profitable,mid,low,mid
Lili Fini Zanuck,low,not-profitable,low,mid-high,low
Sean Penn,mid,not-profitable,mid,mid-high,high
Michael Hoffman,mid,not-profitable,low,mid-high,low
David Kellogg,low,not-profitable,low,low,high
Wim Wenders,mid,not-profitable,low,mid-high,high
Michael Karbelnikoff,low,not-profitable,low,mid-low,low
Jodie Foster,mid,not-profitable,mid,mid-high,low
Bobcat Goldthwait,low,not-profitable,low,mid-low,low
Tom DiCillo,low,not-profitable,mid,mid-high,high
Jonathan Wacks,low,not-profitable,low,mid-low,low
Jerry Rees,low,not-profitable,low,mid-low,low
Todd Haynes,mid,not-profitable,mid,mid-high,mid
George Jackson,low,profitable,low,low,low
Simon Moore,low,not-profitable,low,mid-high,low
József Gémes,low,not-profitable,low,mid-high,low
Nadia Tass,low,not-profitable,low,mid-low,low
Maurice Phillips,low,not-profitable,low,low,low
Sylvio Tabet,low,not-profitable,low,low,low
Duncan Gibbins,low,not-profitable,low,low,low
Bill Duke,mid,not-profitable,low,mid-low,mid
James Dearden,low,not-profitable,low,mid-low,low
Eric Red,low,not-profitable,low,mid-low,low
Heywood Gould,low,profitable,low,mid-low,low
Lasse Hallström,high,profitable,mid,mid-high,mid
Geoff Burrowes,low,not-profitable,low,mid-low,low
Radha Bharadwaj,low,not-profitable,low,mid-high,low
W.D. Richter,low,not-profitable,low,mid-high,low
Quentin Tarantino,high,very-profitable,high,high,mid
Bernard Rose,low,profitable,high,mid-high,low
Mick Jackson,mid,very-profitable,high,mid-low,mid
David Fincher,high,profitable,mid,high,high
Penelope Spheeris,mid,profitable,high,mid-low,high
Roland Emmerich,high,profitable,mid,mid-low,high
Fran Rubel Kuzui,low,profitable,low,mid-low,low
Kenny Ortega,mid,very-profitable,high,mid-low,high
Peter Jackson,high,very-profitable,high,high,high
Katt Shea,low,not-profitable,low,low,mid
Brett Leonard,mid,not-profitable,mid,low,high
Les Mayfield,mid,profitable,mid,mid-low,mid
Edward James Olmos,low,not-profitable,low,mid-high,low
Robert Rodriguez,high,very-profitable,high,mid-low,high
Bill Kroyer,low,not-profitable,low,mid-high,low
Ernest R. Dickerson,mid,not-profitable,mid,mid-low,high
Jon Turteltaub,high,very-profitable,high,mid-low,mid
Uli Edel,low,not-profitable,low,low,high
Kevin Hooks,mid,not-profitable,mid,mid-low,low
David Price,low,very-profitable,high,low,low
Sally Potter,low,not-profitable,low,mid-high,low
Tony Maylam,low,not-profitable,low,mid-low,low
Phil Roman,low,not-profitable,low,low,low
Eugene Levy,low,not-profitable,low,mid-low,low
Stanley Tong,mid,very-profitable,high,mid-low,high
Bruce Robinson,low,not-profitable,low,mid-low,low
Alfonso Arau,low,very-profitable,high,mid-high,low
Randall Miller,mid,not-profitable,low,mid-low,mid
Bruce A. Evans,low,profitable,low,mid-high,high
Carroll Ballard,low,not-profitable,low,mid-high,low
Stephen Milburn Anderson,low,not-profitable,low,mid-high,low
Brian Henson,low,not-profitable,mid,mid-high,high
Chris Menges,low,not-profitable,low,mid-low,low
Stephen Gyllenhaal,low,not-profitable,low,mid-high,low
Carl Schenkel,low,not-profitable,low,mid-low,low
Keith Gordon,mid,not-profitable,low,mid-high,high
Marc Rocco,low,not-profitable,low,mid-high,low
Martin Bell,low,not-profitable,low,mid-high,low
Arne Glimcher,low,not-profitable,low,mid-high,low
Billy Crystal,low,not-profitable,low,mid-low,low
Ringo Lam,low,not-profitable,low,mid-low,high
Gregg Araki,low,very-profitable,low,mid-high,low
Tamra Davis,mid,profitable,mid,mid-low,high
Irwin Winkler,mid,not-profitable,mid,mid-low,high
Neal Jimenez,low,not-profitable,low,mid-high,low
Allan Moyle,low,not-profitable,low,low,low
Robert De Niro,low,not-profitable,low,mid-high,high
Marco Brambilla,low,not-profitable,low,mid-low,high
Annabel Jankel,low,not-profitable,low,low,low
Nora Ephron,mid,profitable,high,mid-low,high
Jane Campion,mid,profitable,mid,mid-high,high
Henry Selick,mid,profitable,mid,mid-high,high
Daniel Stern,low,very-profitable,low,mid-low,low
Jim Sheridan,mid,profitable,mid,mid-high,high
Albert Hughes,mid,profitable,mid,mid-high,low
Ron Maxwell,low,not-profitable,low,mid-high,high
Agnieszka Holland,low,not-profitable,mid,mid-high,mid
John Woo,mid,profitable,mid,mid-low,mid
Robert Lieberman,low,not-profitable,low,mid-high,low
Dominic Sena,mid,not-profitable,mid,mid-low,mid
Thomas Schlamme,low,not-profitable,low,mid-high,low
Alan Shapiro,low,not-profitable,mid,mid-low,mid
Gene Quintano,low,profitable,low,mid-low,low
Mark Jones,low,very-profitable,low,low,low
Brian Yuzna,low,not-profitable,low,mid-low,low
Steven Zaillian,mid,not-profitable,low,mid-high,mid
Adam Marcus,low,very-profitable,low,low,low
Roger Avary,low,not-profitable,mid,mid-high,low
Guillermo del Toro,high,profitable,mid,mid-high,mid
Stephen Surjik,low,not-profitable,low,mid-low,low
Peter Medak,low,not-profitable,low,mid-high,low
Stuart Gillard,low,profitable,low,low,low
Rob Bowman,mid,not-profitable,low,mid-low,high
Bille August,low,not-profitable,low,mid-high,mid
Rob Cohen,high,profitable,high,mid-low,high
Tom Stern,low,not-profitable,low,mid-high,low
Victor Nunez,low,profitable,mid,mid-high,low
Kaige Chen,low,not-profitable,low,high,low
Emir Kusturica,low,not-profitable,low,high,mid
Robert Klane,low,not-profitable,low,low,low
Stephen Sommers,mid,profitable,mid,mid-low,mid
Bruce Joel Rubin,low,not-profitable,low,mid-high,low
Tom Ropelewski,low,not-profitable,low,low,low
John Whitesell,mid,not-profitable,mid,low,mid
Mike Binder,mid,not-profitable,low,mid-high,high
Charles Grosvenor,low,not-profitable,low,mid-high,low
Richard Williams,low,not-profitable,low,mid-high,low
Woo-Ping Yuen,low,not-profitable,low,high,low
Christopher Coppola,low,not-profitable,low,low,low
Ang Lee,high,very-profitable,high,mid-high,high
Patrick Hasburgh,low,not-profitable,low,mid-low,low
Leon Ichaso,low,not-profitable,low,mid-low,low
Anthony Minghella,mid,profitable,high,mid-high,high
Ramón Menéndez,low,not-profitable,low,mid-low,low
Michael Steinberg,low,not-profitable,low,mid-low,low
Yves Simoneau,low,not-profitable,low,low,low
Stephen Cornwell,low,not-profitable,low,low,low
Rusty Cundieff,low,not-profitable,mid,mid-high,mid
Billy Weber,low,not-profitable,low,mid-low,low
Warren Leight,low,not-profitable,low,mid-low,low
Frank Darabont,mid,profitable,mid,high,high
Roger Allers,low,very-profitable,high,mid-high,high
Jan de Bont,mid,very-profitable,high,mid-low,high
Peter Farrelly,low,very-profitable,low,high,mid
Alex Proyas,mid,profitable,mid,mid-high,high
Mike Newell,mid,very-profitable,high,mid-high,mid
Tom Shadyac,mid,profitable,mid,mid-high,mid
Steven E. de Souza,low,profitable,low,low,low
Kevin Smith,high,very-profitable,high,mid-high,high
Duwayne Dunham,low,not-profitable,low,mid-high,low
David Carson,low,profitable,low,mid-high,low
Ben Stiller,mid,profitable,low,mid-low,high
Peter Segal,high,profitable,mid,mid-low,high
Kim Henkel,low,not-profitable,low,low,low
P.J. Hogan,mid,profitable,high,mid-high,mid
John Pasquin,mid,very-profitable,high,mid-low,high
Luis Llosa,low,profitable,low,low,mid
Pixote Hunt,low,not-profitable,low,mid-low,low
Danny Boyle,high,very-profitable,high,mid-high,mid
Jeremy Leven,low,profitable,low,mid-high,low
Paul Flaherty,low,not-profitable,low,mid-low,low
James Yukich,low,not-profitable,low,low,low
Hart Bochner,low,not-profitable,low,mid-high,low
Nicholas Hytner,mid,profitable,mid,mid-high,mid
Jeff Pollack,low,profitable,high,mid-low,high
Steven Seagal,low,not-profitable,low,low,low
David O. Russell,mid,very-profitable,high,mid-high,mid
Chia-Liang Liu,low,not-profitable,low,high,low
Richard Rich,low,not-profitable,low,mid-low,high
Doug McHenry,low,profitable,low,mid-high,low
Gregg Champion,low,not-profitable,low,mid-low,low
Martin Campbell,high,profitable,mid,mid-high,high
Andrew Morahan,low,not-profitable,low,low,low
Michele Soavi,low,not-profitable,low,mid-high,low
Adam Resnick,low,not-profitable,low,low,low
Allan A. Goldstein,low,not-profitable,low,low,low
Ted Demme,mid,not-profitable,low,mid-high,mid
Charles T. Kanganis,low,not-profitable,low,low,low
John Bailey,low,not-profitable,low,mid-low,low
James Gray,mid,not-profitable,low,mid-high,low
Boaz Yakin,mid,profitable,mid,mid-high,high
Rodman Flender,low,not-profitable,low,low,high
Glenn Gordon Caron,low,profitable,mid,mid-low,mid
George Huang,low,not-profitable,low,mid-high,high
Milcho Manchevski,low,not-profitable,low,high,low
Nikita Mikhalkov,low,not-profitable,low,high,low
Mel Smith,low,very-profitable,high,mid-low,low
Xavier Koller,low,not-profitable,low,mid-low,low
Mel Gibson,mid,very-profitable,high,high,mid
Bryan Singer,high,very-profitable,high,mid-high,high
Larry Clark,low,profitable,high,mid-high,mid
John Lasseter,mid,very-profitable,high,mid-high,high
Paul W.S. Anderson,high,profitable,mid,mid-low,mid
F. Gary Gray,high,profitable,mid,mid-high,high
Scott Kalvert,low,not-profitable,low,mid-high,high
Michael Bay,high,profitable,mid,mid-high,mid
Bryan Spicer,mid,not-profitable,mid,low,mid
Iain Softley,mid,not-profitable,low,mid-high,mid
Brad Silberling,mid,profitable,mid,mid-low,mid
Mike Gabriel,low,very-profitable,low,mid-high,low
Kevin Lima,mid,profitable,mid,mid-low,high
John N. Smith,low,very-profitable,low,mid-high,low
Chris Noonan,low,very-profitable,high,mid-high,low
Tim Robbins,low,not-profitable,mid,mid-high,mid
Betty Thomas,mid,profitable,mid,mid-low,high
Robert Longo,low,not-profitable,low,mid-low,low
Danny Cannon,mid,not-profitable,mid,mid-low,high
Marc Caro,low,not-profitable,low,high,low
Victor Salva,mid,profitable,mid,mid-high,high
Gregory Widen,low,profitable,low,mid-high,low
Steve Oedekerk,mid,profitable,mid,mid-low,mid
Holly Goldberg Sloan,low,not-profitable,low,mid-low,low
Joe Chappelle,low,profitable,low,low,low
Melanie Mayron,low,not-profitable,low,mid-low,low
Forest Whitaker,mid,profitable,mid,mid-low,mid
Todd Solondz,low,profitable,high,high,low
Carl Franklin,mid,not-profitable,low,mid-high,low
Jocelyn Moorhouse,low,profitable,mid,mid-low,low
Andrew Sipes,low,not-profitable,low,low,low
Gary Fleder,mid,not-profitable,low,mid-high,mid
Michael Moore,low,not-profitable,low,mid-low,low
Christian Duguay,low,not-profitable,low,mid-low,mid
Oliver Parker,mid,not-profitable,mid,mid-high,low
Philip Haas,low,not-profitable,low,mid-high,low
J.F. Lawton,low,not-profitable,low,mid-low,low
Gregory Nava,low,not-profitable,low,mid-high,mid
Edward Burns,low,very-profitable,high,mid-low,mid
Christopher Monger,low,not-profitable,low,mid-high,low
Paul Auster,low,not-profitable,low,mid-high,low
Daisy von Scherler Mayer,low,profitable,low,mid-high,low
Carlo Carlei,low,not-profitable,low,mid-high,low
Damian Harris,low,not-profitable,low,low,low
Jafar Panahi,low,very-profitable,low,high,low
Desmond Nakano,low,not-profitable,low,low,low
Peter Hall,low,not-profitable,low,low,low
Aaron Norris,low,not-profitable,low,low,low
Maria Maggenti,low,very-profitable,low,mid-high,low
Nick Gomez,low,not-profitable,low,mid-low,high
Preston A. Whitmore II,low,not-profitable,low,low,low
Baz Luhrmann,mid,very-profitable,high,mid-high,mid
Cameron Crowe,mid,profitable,mid,mid-high,high
Gregory Hoblit,mid,not-profitable,mid,mid-high,high
Wes Anderson,mid,profitable,mid,high,mid
Lana Wachowski,mid,profitable,mid,mid-high,high
Billy Bob Thornton,low,very-profitable,high,mid-high,high
Tom Hanks,low,not-profitable,low,mid-high,mid
Bobby Farrelly,high,profitable,high,mid-low,mid
Jonathan Frakes,mid,not-profitable,mid,mid-low,high
Doug Liman,mid,very-profitable,high,mid-high,mid
Paris Barclay,low,very-profitable,low,mid-high,low
Paul Thomas Anderson,mid,not-profitable,mid,high,mid
Campbell Scott,low,profitable,low,mid-high,low
Stuart Baird,mid,not-profitable,low,mid-high,low
Jason Bloom,low,not-profitable,low,low,low
Douglas McGrath,mid,not-profitable,mid,mid-high,low
Mira Nair,low,not-profitable,low,mid-low,low
Mike Leigh,mid,not-profitable,mid,high,low
David Twohy,mid,not-profitable,low,mid-high,low
David Hogan,low,not-profitable,low,low,high
Steve Buscemi,low,not-profitable,low,mid-high,mid
Matthew Bright,low,not-profitable,low,mid-low,high
Lee Tamahori,mid,not-profitable,low,mid-low,high
Scott Hicks,mid,profitable,mid,mid-high,mid
Bronwen Hughes,low,not-profitable,low,mid-low,mid
Gilbert Adler,low,not-profitable,low,low,low
Rick Friedberg,low,not-profitable,low,low,low
Jerry Zaks,low,not-profitable,low,mid-high,low
Arlene Sanford,low,not-profitable,low,mid-low,low
Tim Pope,low,not-profitable,low,low,low
Julian Schnabel,low,not-profitable,low,mid-high,low
Jean-Claude Van Damme,low,not-profitable,low,mid-low,low
Director,low,profitable,low,low,low
Lisa Krueger,low,not-profitable,low,mid-low,high
Michael Winterbottom,mid,not-profitable,low,mid-high,mid
Larry Bishop,low,not-profitable,low,low,low
John Gray,low,not-profitable,low,low,low
John Payson,low,not-profitable,low,mid-low,low
Eric Schaeffer,low,not-profitable,low,low,low
Alexander Payne,mid,profitable,high,mid-high,mid
Martin Lawrence,low,very-profitable,low,mid-low,low
Dan Ireland,low,not-profitable,low,mid-high,low
Matt Reeves,mid,profitable,mid,mid-high,high
Farhad Mann,low,not-profitable,low,low,low
Reb Braddock,low,not-profitable,low,mid-low,low
Fraser C. Heston,low,not-profitable,low,mid-low,low
Allison Anders,low,not-profitable,low,mid-high,low
Bill Couturié,low,not-profitable,low,low,low
Luc Besson,mid,profitable,high,mid-high,mid
Jay Roach,high,profitable,high,mid-high,mid
Simon West,mid,profitable,mid,mid-low,mid
Roberto Benigni,low,very-profitable,low,high,low
Raja Gosnell,high,profitable,mid,low,mid
Andrew Niccol,mid,not-profitable,mid,mid-high,high
Jim Gillespie,low,profitable,high,mid-low,low
Jean-Pierre Jeunet,mid,very-profitable,high,high,high
Sam Weisman,mid,not-profitable,mid,mid-low,low
Andy Tennant,mid,profitable,mid,mid-low,mid
Brian Robbins,mid,not-profitable,mid,mid-low,high
Peter Cattaneo,low,very-profitable,high,mid-high,high
Mark A.Z. Dippé,low,profitable,low,low,low
James Mangold,high,profitable,mid,mid-high,mid
Harmony Korine,mid,profitable,high,mid-low,high
Brian Gilbert,low,not-profitable,low,mid-high,low
Jonathan Mostow,mid,not-profitable,low,mid-high,low
Stephen Kessler,low,not-profitable,low,mid-low,low
George Armitage,low,not-profitable,mid,mid-low,high
John R. Leonetti,mid,very-profitable,high,low,high
Bob Spiers,low,not-profitable,low,low,low
Kar-Wai Wong,mid,not-profitable,low,mid-high,mid
Mimi Leder,mid,profitable,mid,mid-high,mid
Gore Verbinski,high,profitable,mid,mid-high,mid
Trey Parker,mid,profitable,mid,mid-high,high
George Tillman Jr.,mid,profitable,mid,mid-high,mid
Majid Majidi,low,very-profitable,low,high,low
Hark Tsui,low,not-profitable,low,low,low
Anthony Waller,low,not-profitable,low,low,low
Robert Kurtzman,low,profitable,low,mid-low,low
Brett Ratner,high,profitable,mid,mid-high,mid
Jeb Stuart,low,not-profitable,low,mid-high,low
Kasi Lemmons,low,profitable,low,mid-high,low
Félix Enríquez Alcalá,low,not-profitable,low,low,low
Charles Martin Smith,mid,very-profitable,mid,mid-low,high
Don Roos,low,not-profitable,low,mid-low,mid
Shuki Levy,low,not-profitable,low,low,low
Thomas Carter,mid,very-profitable,high,mid-low,high
Theodore Witcher,low,not-profitable,low,high,low
Peter O'Fallon,low,not-profitable,low,mid-high,low
Mark Pavia,low,not-profitable,low,mid-low,low
John Nicolella,low,not-profitable,low,low,low
David Mamet,mid,not-profitable,low,mid-high,low
Paul Miller,low,not-profitable,low,low,low
Ronny Yu,mid,not-profitable,mid,mid-low,mid
Robert Duvall,low,profitable,low,mid-high,low
Steve James,low,not-profitable,low,mid-high,low
Mark Dindal,mid,not-profitable,mid,mid-high,high
Robert Butler,low,not-profitable,low,low,low
John Duigan,low,not-profitable,low,high,low
Mark Waters,high,profitable,mid,mid-low,mid
Nick Cassavetes,mid,profitable,mid,mid-high,high
Kevin Allen,low,not-profitable,low,mid-high,low
Andy Cadiff,low,not-profitable,low,mid-low,mid
Manny Coto,low,not-profitable,low,low,low
Stephen Kay,mid,not-profitable,mid,low,high
Tom Schulman,low,not-profitable,low,low,low
Andy Wilson,low,not-profitable,low,mid-low,low
Neil LaBute,mid,very-profitable,high,mid-low,high
Tony Kaye,low,not-profitable,low,high,low
Stephen Norrington,low,profitable,low,mid-high,high
Frank Coraci,mid,profitable,mid,mid-low,mid
Tony Bancroft,low,profitable,low,high,low
Griffin Dunne,low,not-profitable,low,mid-low,low
Terrence Malick,mid,not-profitable,low,mid-high,mid
Gary Ross,mid,profitable,high,mid-high,mid
Vincent Ward,low,not-profitable,low,mid-high,low
John Madden,mid,very-profitable,high,mid-high,mid
Harry Elfont,low,not-profitable,mid,mid-low,high
Brenda Chapman,low,profitable,low,mid-high,low
Randall Wallace,mid,very-profitable,high,mid-high,mid
Thomas Vinterberg,low,profitable,mid,high,low
Jamie Blanks,low,profitable,mid,low,mid
Darren Aronofsky,mid,very-profitable,high,mid-high,high
Shekhar Kapur,mid,not-profitable,low,mid-high,mid
Mark Christopher,low,not-profitable,low,mid-low,low
Peter Howitt,mid,not-profitable,mid,mid-low,low
Vincent Gallo,low,not-profitable,mid,mid-low,high
David Nutter,low,not-profitable,low,mid-low,low
Eric Darnell,mid,very-profitable,mid,mid-high,low
Christopher Nolan,high,very-profitable,mid,high,mid
John Fortenberry,low,not-profitable,low,mid-low,low
Lance Mungia,low,not-profitable,low,mid-high,low
Antoine Fuqua,high,profitable,mid,mid-high,mid
Bob Saget,low,not-profitable,low,mid-high,low
Peter Berg,high,not-profitable,mid,mid-high,mid
Kirk Wong,low,profitable,low,mid-low,low
François Girard,low,not-profitable,low,high,low
Kunihiko Yuyama,low,very-profitable,low,mid-low,low
Hype Williams,low,profitable,low,mid-low,low
Kirk Jones,mid,very-profitable,high,mid-high,high
Frederik Du Chau,low,not-profitable,mid,mid-low,high
Mikael Salomon,low,not-profitable,low,mid-low,low
Mark Steven Johnson,mid,not-profitable,low,mid-low,high
Troy Miller,low,not-profitable,mid,low,high
Jonathan Darby,low,not-profitable,low,mid-low,low
Kevin Rodney Sullivan,low,profitable,low,mid-low,low
John Warren,low,not-profitable,low,low,low
Willard Carroll,low,not-profitable,low,mid-high,low
Igor Kovalyov,low,very-profitable,low,mid-low,low
Ice Cube,low,very-profitable,low,mid-low,low
Alan Cohn,low,not-profitable,low,mid-low,low
Marshall Herskovitz,low,not-profitable,low,mid-high,low
Walter Salles,mid,not-profitable,mid,mid-high,high
M. Night Shyamalan,high,very-profitable,high,mid-low,high
Gillies MacKinnon,low,not-profitable,low,mid-low,low
Chris Eyre,low,profitable,low,mid-high,low
Dean Semler,low,not-profitable,low,low,low
Tamara Jenkins,low,not-profitable,low,mid-high,low
John Pieplow,low,not-profitable,low,low,low
John Roberts,low,not-profitable,low,mid-high,low
Steve Gomer,low,not-profitable,low,low,low
Steve Boyum,low,not-profitable,low,low,low
Predrag Antonijevic,low,not-profitable,low,mid-high,low
David Dobkin,mid,profitable,mid,mid-high,mid
David Moreton,low,not-profitable,low,mid-high,low
Neil Abramson,low,not-profitable,low,low,low
Jake Kasdan,mid,very-profitable,high,mid-low,high
Tony Cinciripini,low,not-profitable,low,low,low
Anthony Drazan,low,not-profitable,low,mid-low,low
Dean Parisot,mid,not-profitable,low,mid-low,high
Paul Weitz,mid,very-profitable,high,mid-low,mid
Sam Mendes,mid,very-profitable,high,high,mid
George Lucas,mid,very-profitable,mid,mid-high,mid
Gil Junger,low,not-profitable,low,mid-low,high
Mike Judge,low,not-profitable,low,mid-high,high
Roger Michell,mid,profitable,high,mid-high,low
Roger Kumble,mid,profitable,high,low,high
Daniel Myrick,low,very-profitable,low,mid-high,low
Sofia Coppola,mid,very-profitable,high,mid-high,high
Rob Minkoff,mid,not-profitable,low,mid-low,high
Troy Duffy,low,not-profitable,low,mid-high,high
Robert Iscove,mid,profitable,high,low,high
Chris Buck,mid,very-profitable,high,mid-high,low
Spike Jonze,mid,not-profitable,low,high,mid
Brad Bird,mid,profitable,mid,high,mid
Kinka Usher,low,not-profitable,low,mid-low,low
Mike Mitchell,mid,profitable,mid,mid-low,high
Michael Patrick Jann,low,not-profitable,low,mid-high,low
Kimberly Peirce,mid,profitable,mid,mid-high,high
William Malone,low,not-profitable,low,low,high
Jamie Babbit,low,not-profitable,mid,mid-high,mid
Darren Stein,low,not-profitable,low,mid-low,low
Tony Goldwyn,mid,not-profitable,low,mid-high,mid
Brian Helgeland,mid,not-profitable,low,mid-high,high
Adam Rifkin,low,not-profitable,low,mid-high,low
Lynne Ramsay,low,very-profitable,high,high,low
Antonia Bird,low,not-profitable,low,mid-high,low
David Koepp,mid,not-profitable,low,mid-high,mid
Kevin Williamson,low,not-profitable,low,low,low
Josef Rusnak,low,not-profitable,low,mid-high,low
Mark Pellington,low,not-profitable,low,mid-high,mid
John Schultz,mid,profitable,low,mid-low,low
Luis Mandoki,mid,not-profitable,low,mid-low,low
Rupert Wainwright,low,profitable,low,low,high
John Bruno,low,not-profitable,low,low,low
Bruce McCulloch,low,not-profitable,low,low,low
Malcolm D. Lee,mid,profitable,mid,mid-low,high
Mic Rodgers,low,not-profitable,low,low,low
Risa Bramon Garcia,low,not-profitable,low,mid-low,low
Kelly Makin,low,not-profitable,low,mid-low,low
Rand Ravich,low,not-profitable,low,low,low
Tim Hill,mid,profitable,mid,mid-low,mid
Stephan Elliott,low,not-profitable,low,low,low
Rick Famuyiwa,mid,profitable,low,mid-high,mid
Jeff Franklin,low,not-profitable,low,mid-low,low
Gary Halvorson,low,not-profitable,low,mid-low,low
Michael Corrente,low,not-profitable,low,mid-high,low
Mark Tarlov,low,not-profitable,low,low,low
Takao Okawara,low,not-profitable,low,mid-low,low
Michael Haigney,low,very-profitable,low,mid-low,low
Louis Morneau,low,not-profitable,low,low,low
Franco Zeffirelli,low,not-profitable,low,mid-high,low
Damon Santostefano,low,not-profitable,low,mid-low,low
Martha Fiennes,low,not-profitable,low,mid-high,low
Chris Roberts,low,not-profitable,low,low,low
Peter Ho-Sun Chan,low,not-profitable,low,mid-low,low
Gary Sinyor,low,not-profitable,low,low,low
Michael Rymer,low,not-profitable,low,mid-low,high
Antonio Banderas,low,not-profitable,low,mid-low,low
Scott Silver,low,not-profitable,low,low,low
Mike Barker,low,not-profitable,low,mid-low,low
Peter Kassovitz,low,not-profitable,low,mid-high,low
Jim Fall,low,profitable,low,mid-low,high
Alison Maclean,low,not-profitable,low,mid-high,low
Mark Illsley,low,not-profitable,low,mid-low,low
Mary Harron,low,very-profitable,low,high,low
David McNally,low,profitable,low,low,high
McG,mid,not-profitable,low,mid-low,high
Todd Phillips,high,very-profitable,high,mid-high,high
Peyton Reed,mid,very-profitable,mid,mid-high,mid
Peter Lord,low,profitable,mid,mid-high,low
Tarsem Singh,mid,not-profitable,mid,mid-high,high
James Wong,mid,profitable,mid,low,high
Danny Leiner,low,very-profitable,mid,mid-low,high
John Fawcett,low,not-profitable,low,mid-high,low
Roger Christian,low,not-profitable,low,low,low
Stephen Daldry,mid,very-profitable,high,high,mid
Alejandro G. Iñárritu,mid,very-profitable,mid,high,low
Bibo Bergeron,low,profitable,mid,mid-high,mid
Eric Leighton,low,profitable,low,mid-high,low
Lars von Trier,mid,not-profitable,mid,high,mid
Nancy Meyers,mid,profitable,mid,mid-high,low
Steve Carr,mid,profitable,mid,low,mid
Steven Brill,mid,profitable,mid,mid-low,low
Ben Younger,mid,profitable,mid,mid-high,mid
Matt Williams,low,profitable,low,mid-high,low
Gina Prince-Bythewood,mid,profitable,mid,mid-high,low
Tom Dey,mid,not-profitable,low,mid-low,mid
Patrick Lussier,mid,profitable,high,low,low
Antony Hoffman,low,not-profitable,low,mid-low,low
Courtney Solomon,mid,not-profitable,low,low,mid
Chris Koch,low,profitable,mid,low,mid
Joe Charbanic,low,not-profitable,low,low,low
Andrzej Bartkowiak,mid,not-profitable,mid,low,high
Edward Norton,low,profitable,low,mid-high,low
Joe Berlinger,low,profitable,low,low,low
Kenneth Lonergan,low,very-profitable,low,high,low
Diane Keaton,low,not-profitable,low,low,low
Kris Isacsson,low,profitable,low,low,low
Christopher McQuarrie,mid,profitable,mid,mid-high,mid
Des McAnuff,low,not-profitable,low,low,low
Mathieu Kassovitz,mid,profitable,mid,mid-low,high
E. Elias Merhige,low,not-profitable,low,mid-high,low
Britt Allcroft,low,not-profitable,low,low,low
Bonnie Hunt,low,not-profitable,low,mid-high,low
David Raynr,low,not-profitable,low,mid-low,low
Miguel Arteta,mid,profitable,mid,mid-high,low
Joan Chen,low,not-profitable,low,mid-low,low
Ed Harris,low,not-profitable,low,mid-high,low
Vic Sarin,low,not-profitable,low,low,low
Robert Lee King,low,not-profitable,low,mid-low,low
Nigel Cole,mid,very-profitable,high,mid-high,low
Michael Almereyda,low,not-profitable,low,mid-low,low
Kim Ki-duk,low,not-profitable,mid,high,high
Douglas Aarniokoski,low,not-profitable,low,low,low
John Ottman,low,profitable,low,low,low
Fina Torres,low,not-profitable,low,low,low
Rod Lurie,mid,not-profitable,low,mid-high,mid
Fabián Bielinsky,low,very-profitable,low,high,low
Greg Berlanti,mid,profitable,low,mid-high,mid
Karyn Kusama,mid,not-profitable,low,mid-low,mid
Davis Guggenheim,low,not-profitable,low,mid-low,low
Jay Russell,mid,profitable,mid,mid-high,low
Bruce Paltrow,low,not-profitable,low,mid-low,low
Stig Bergqvist,low,profitable,low,mid-low,low
Takeshi Kitano,low,not-profitable,low,mid-high,low
Terence Davies,low,not-profitable,low,mid-high,low
Sally Field,low,not-profitable,low,mid-low,low
Mark Piznarski,low,not-profitable,low,low,low
Jun Falkenstein,low,profitable,low,mid-high,low
Élie Chouraqui,low,not-profitable,low,mid-high,low
Craig Mazin,low,not-profitable,mid,low,high
Janusz Kaminski,low,not-profitable,low,low,low
Eric Blakeney,low,not-profitable,low,mid-low,low
Robert Luketic,mid,profitable,high,mid-low,mid
Pete Docter,mid,very-profitable,low,high,low
Richard Kelly,mid,not-profitable,low,mid-low,high
Joel Gallen,low,very-profitable,low,mid-low,low
Andrew Adamson,mid,very-profitable,mid,mid-high,mid
Terry Zwigoff,low,profitable,mid,mid-high,low
Jay Chandrasekhar,mid,profitable,mid,mid-low,high
Steve Beck,low,profitable,mid,mid-low,low
Alejandro Amenábar,low,very-profitable,high,high,low
Dennie Gordon,mid,not-profitable,low,mid-low,mid
Michael Tollin,low,not-profitable,low,mid-low,high
David Wain,low,not-profitable,mid,mid-high,low
Michael Cristofer,low,not-profitable,low,mid-low,low
Marc Forster,high,profitable,high,mid-high,mid
John Moore,mid,profitable,mid,mid-low,mid
Sharon Maguire,low,very-profitable,high,mid-high,low
Jessie Nelson,low,profitable,mid,mid-high,high
J.B. Rogers,low,very-profitable,high,mid-low,high
Bill Paxton,low,not-profitable,low,mid-high,low
Luke Greenfield,mid,profitable,high,mid-low,high
Jesse Dylan,mid,profitable,mid,mid-low,mid
Demian Lichtenstein,low,not-profitable,low,mid-low,low
Peter Chelsom,mid,profitable,mid,mid-low,high
Christophe Gans,low,profitable,low,mid-high,mid
Daniel Sackheim,low,not-profitable,low,mid-low,low
Adam Shankman,high,profitable,mid,mid-low,mid
David Mirkin,low,not-profitable,low,mid-low,low
Brad Anderson,mid,not-profitable,mid,mid-high,high
Brendan Malloy,low,not-profitable,low,mid-low,low
John Cameron Mitchell,mid,not-profitable,mid,mid-high,mid
Tom Green,low,not-profitable,low,low,low
Pat O'Connor,low,not-profitable,low,mid-high,low
Takashi Miike,low,not-profitable,mid,mid-high,mid
Gregory Poirier,low,profitable,low,low,low
Todd Field,low,very-profitable,high,high,low
Louis C.K.,low,not-profitable,low,low,low
Blair Hayes,low,not-profitable,low,mid-low,low
Stephen Chow,low,very-profitable,low,high,low
John A. Davis,low,profitable,mid,mid-low,low
Tommy O'Haver,low,not-profitable,low,mid-low,mid
Hironobu Sakaguchi,low,not-profitable,low,mid-high,low
Francine McDougall,low,not-profitable,low,mid-low,low
Lawrence Guterman,low,profitable,mid,low,high
Joe Roth,low,profitable,low,mid-low,low
Chris Nahon,low,profitable,low,mid-high,low
Henry Bean,low,not-profitable,low,mid-high,low
Richard Eyre,low,profitable,low,mid-high,low
John Stockwell,mid,not-profitable,low,mid-low,mid
Karan Johar,low,profitable,mid,high,mid
Gregor Jordan,low,not-profitable,low,mid-low,high
Tim Blake Nelson,low,not-profitable,mid,mid-high,mid
Jez Butterworth,low,not-profitable,low,mid-low,low
Jon Favreau,high,profitable,mid,mid-high,mid
Harald Zwart,mid,profitable,high,mid-low,mid
Stephen Carpenter,low,not-profitable,low,low,low
Scott McGehee,low,not-profitable,mid,mid-high,mid
Charles Herman-Wurmfeld,low,very-profitable,high,mid-low,high
Jean-Marie Poiré,low,not-profitable,low,mid-low,low
Michael Cuesta,low,profitable,low,mid-high,mid
DJ Pooh,low,not-profitable,low,low,low
Vondie Curtis-Hall,low,not-profitable,low,low,low
Chris Weitz,mid,very-profitable,high,mid-low,high
Mark Brown,low,not-profitable,low,mid-low,low
Rintaro,low,not-profitable,low,mid-high,low
Nicole Holofcener,mid,very-profitable,high,mid-high,mid
Rob Pritts,low,profitable,low,low,low
Chuck Sheetz,low,not-profitable,low,mid-high,low
Mitch Davis,low,not-profitable,low,mid-high,low
David Atkins,low,not-profitable,low,mid-low,low
Steven Shainberg,low,not-profitable,mid,mid-high,mid
Chris Wedge,mid,profitable,mid,mid-high,high
Dean DeBlois,mid,profitable,low,high,low
Rob Marshall,mid,profitable,mid,mid-high,mid
Joel Zwick,low,very-profitable,high,mid-low,high
Kurt Wimmer,low,not-profitable,low,mid-low,high
Simon Wells,low,not-profitable,low,mid-low,low
Louis Leterrier,mid,profitable,mid,mid-high,mid
Walt Becker,mid,very-profitable,mid,mid-low,high
Kelly Asbury,mid,profitable,mid,mid-low,high
Julie Taymor,mid,not-profitable,mid,mid-high,high
George Clooney,mid,profitable,high,mid-high,high
Yimou Zhang,mid,profitable,mid,mid-high,high
Ellory Elkayem,low,not-profitable,low,low,low
Mark Romanek,low,profitable,mid,mid-high,low
Eli Roth,mid,very-profitable,high,mid-low,mid
Ed Decter,low,profitable,low,mid-low,low
Andrew Lau,low,not-profitable,low,high,low
Denzel Washington,mid,profitable,low,mid-high,low
Jonas Åkerlund,low,not-profitable,low,mid-high,low
Park Chan-Wook,mid,profitable,mid,high,mid
Marc Lawrence,mid,profitable,mid,mid-low,high
Justin Lin,mid,very-profitable,high,mid-high,mid
Shawn Levy,high,profitable,mid,mid-low,mid
Perry Andelin Blake,low,profitable,low,low,low
Charles Stone III,low,profitable,low,mid-low,low
Marcus Raboy,low,profitable,low,mid-low,low
John Lee Hancock,mid,profitable,high,mid-high,mid
Guy Ritchie,mid,profitable,mid,mid-high,high
Lucky McKee,low,not-profitable,low,mid-high,low
Jesse Vaughan,low,not-profitable,low,low,low
Callie Khouri,low,not-profitable,mid,mid-low,low
Kevin Donovan,low,not-profitable,low,low,low
John Polson,low,profitable,low,mid-low,mid
Burr Steers,mid,profitable,high,mid-low,mid
Peter Kosminsky,low,not-profitable,low,mid-high,low
D.J. Caruso,mid,profitable,mid,mid-low,mid
Takashi Shimizu,mid,very-profitable,high,mid-low,high
Tim Story,high,profitable,mid,mid-low,mid
Niki Caro,mid,very-profitable,high,mid-high,low
Joe Carnahan,mid,profitable,low,mid-high,low
David Jacobson,low,not-profitable,low,mid-low,low
Mort Nathan,low,not-profitable,low,low,low
Michael Lembeck,mid,very-profitable,high,low,mid
Dewey Nicks,low,not-profitable,low,low,low
Wallace Wolodarsky,low,not-profitable,low,mid-low,low
Peter Hastings,low,not-profitable,low,low,low
Kevin Bray,low,not-profitable,low,mid-low,low
Stephen Gaghan,mid,not-profitable,low,mid-low,high
Robin Budd,low,very-profitable,low,mid-low,low
Mars Callahan,low,not-profitable,low,mid-high,low
Jaume Balagueró,low,profitable,low,mid-low,high
Bob Dolman,low,profitable,low,mid-low,low
Cathy Malkasian,low,profitable,low,mid-low,low
Seth Kearsley,low,not-profitable,low,low,low
Don Michael Paul,low,not-profitable,low,low,high
Wych Kaosayananda,low,not-profitable,low,low,low
Patricia Cardoso,low,profitable,low,mid-high,low
John Stainton,low,profitable,low,low,low
Tom Tykwer,mid,not-profitable,low,mid-high,mid
Richard Curtis,mid,very-profitable,high,high,low
Len Wiseman,mid,profitable,mid,mid-high,mid
Bong Joon Ho,mid,very-profitable,high,high,mid
Andrew Stanton,mid,very-profitable,high,high,high
Catherine Hardwicke,mid,profitable,high,mid-low,high
Rob Schmidt,low,profitable,low,mid-low,low
Patty Jenkins,low,very-profitable,mid,mid-high,low
Tommy Wiseau,low,not-profitable,low,low,low
Marcus Nispel,mid,very-profitable,high,mid-low,mid
Clark Johnson,low,not-profitable,low,mid-low,low
Rob Zombie,mid,profitable,mid,mid-low,high
Tim McCanlies,low,not-profitable,low,high,low
Chris Kentis,low,very-profitable,high,mid-low,low
Peter Webber,low,profitable,low,mid-high,mid
Bo Welch,low,not-profitable,low,low,low
Aaron Blaise,low,not-profitable,low,mid-high,low
David R. Ellis,mid,profitable,mid,mid-low,high
Audrey Wells,low,profitable,low,mid-high,low
Jonathan Liebesman,mid,profitable,low,mid-low,low
Bille Woodruff,low,profitable,low,low,low
James Cox,low,not-profitable,low,mid-high,low
Patrick Gilmore,low,not-profitable,low,mid-high,low
Uwe Boll,mid,not-profitable,low,low,high
Vadim Perelman,low,not-profitable,low,mid-high,high
Tom McCarthy,mid,very-profitable,high,high,low
Casey La Scala,low,not-profitable,low,mid-low,low
Billy Ray,low,not-profitable,low,mid-high,mid
Wayne Kramer,mid,not-profitable,mid,mid-high,low
Bruno Barreto,low,not-profitable,low,low,low
David Mackenzie,low,not-profitable,mid,mid-high,high
Sylvain Chomet,low,not-profitable,low,high,low
Paul Hunter,low,not-profitable,low,mid-low,low
Reggie Rock Bythewood,low,not-profitable,low,low,low
Gordon Chan,low,not-profitable,low,low,low
Fenton Bailey,low,not-profitable,low,mid-low,low
Glen Morgan,low,not-profitable,mid,low,high
C. Jay Cox,low,not-profitable,low,mid-high,low
Tim Fywell,low,not-profitable,low,mid-high,low
Steve Trenbirth,low,very-profitable,low,low,low
John Crowley,mid,profitable,mid,mid-high,mid
David Gordon Green,mid,very-profitable,high,mid-high,mid
Richard Kwietniowski,low,not-profitable,low,mid-high,low
Chris Rock,low,not-profitable,low,mid-low,mid
Peter Hedges,mid,very-profitable,high,mid-high,low
Damian Nieman,low,not-profitable,low,mid-low,low
John Eng,low,profitable,low,mid-low,low
Eric Till,low,not-profitable,low,mid-high,low
Ryan Little,low,not-profitable,low,mid-high,low
Gérard Krawczyk,low,very-profitable,low,mid-low,low
John Hoffman,low,profitable,low,low,low
Clare Kilner,low,profitable,mid,mid-low,mid
Jeff Schaffer,low,not-profitable,low,mid-high,low
Rawson Marshall Thurber,mid,very-profitable,mid,mid-high,mid
Michel Gondry,mid,profitable,mid,mid-high,high
James Wan,high,very-profitable,high,mid-high,mid
Jonathan Hensleigh,low,not-profitable,mid,mid-high,mid
Eric Bress,low,very-profitable,low,high,low
Jared Hess,mid,very-profitable,high,mid-low,mid
Gary Winick,mid,profitable,low,mid-low,mid
Paul Haggis,mid,very-profitable,high,mid-high,high
Paul Greengrass,mid,profitable,mid,high,mid
Zack Snyder,mid,profitable,mid,mid-high,mid
Alexander Witt,low,profitable,low,mid-low,low
Adam McKay,mid,profitable,mid,mid-high,mid
David S. Goyer,mid,profitable,mid,mid-low,high
Shane Carruth,low,very-profitable,high,mid-high,low
John Hamburg,mid,profitable,low,mid-high,mid
Stephen Hillenburg,low,very-profitable,low,mid-high,low
Ethan Coen,mid,very-profitable,mid,mid-high,mid
Terry George,low,not-profitable,mid,high,high
Zach Braff,mid,very-profitable,high,mid-high,mid
Pitof,low,not-profitable,low,low,low
Don Mancini,low,profitable,low,low,low
Joseph Kahn,low,not-profitable,low,low,low
Gurinder Chadha,low,profitable,mid,mid-high,mid
Joe Nussbaum,low,not-profitable,low,mid-low,mid
Richard Loncraine,low,not-profitable,low,mid-low,mid
Gavin O'Connor,mid,not-profitable,mid,high,mid
Paul McGuigan,mid,not-profitable,low,mid-high,high
Sara Sugarman,low,profitable,low,low,low
Kerry Conran,low,not-profitable,low,mid-low,low
Brian Dannelly,low,profitable,low,mid-high,low
Sean McNamara,mid,not-profitable,low,low,high
Beeban Kidron,low,very-profitable,low,mid-low,low
Jacob Estes,low,not-profitable,low,mid-high,mid
Guy Ferland,low,not-profitable,low,mid-low,low
Angela Robinson,low,not-profitable,mid,low,mid
Jessy Terrero,low,not-profitable,low,low,low
Jonathan Glazer,low,not-profitable,low,mid-low,low
Tod Williams,low,very-profitable,high,mid-low,high
Christopher Erskin,low,profitable,low,low,low
Will Finn,low,not-profitable,low,low,low
Timur Bekmambetov,mid,very-profitable,high,mid-low,mid
Chris Stokes,low,very-profitable,low,low,low
Kevin Spacey,low,not-profitable,low,mid-high,low
Michael Clancy,low,not-profitable,low,mid-high,low
Yash Chopra,low,not-profitable,low,high,low
Nick Hurran,low,not-profitable,low,low,low
Joshua Marston,low,very-profitable,low,high,low
Michael Dowse,mid,not-profitable,low,mid-high,mid
Bart Freundlich,low,not-profitable,low,low,low
Je-kyu Kang,low,very-profitable,low,high,low
Robert C. Ramirez,low,very-profitable,low,low,low
Judd Apatow,mid,very-profitable,mid,mid-high,mid
Joe Wright,mid,profitable,mid,mid-high,high
Frank Miller,mid,not-profitable,mid,mid-high,high
James McTeigue,mid,not-profitable,low,mid-high,high
Francis Lawrence,mid,very-profitable,mid,mid-high,low
Garth Jennings,low,very-profitable,high,mid-high,low
Joss Whedon,mid,very-profitable,high,high,mid
Rob McKittrick,low,very-profitable,low,mid-high,low
Jean-François Richet,low,not-profitable,low,mid-low,low
David Slade,mid,very-profitable,high,mid-low,high
Jaume Collet-Serra,mid,profitable,mid,mid-low,mid
Shane Black,mid,profitable,mid,mid-high,high
Fernando Meirelles,low,profitable,mid,mid-high,mid
Dave McKean,low,not-profitable,low,mid-high,low
Darren Lynn Bousman,mid,very-profitable,high,mid-low,low
Robert Schwentke,mid,profitable,mid,mid-low,mid
Andrew Douglas,low,very-profitable,low,mid-low,low
Breck Eisner,mid,not-profitable,low,mid-low,low
Rian Johnson,mid,very-profitable,high,mid-high,mid
Greg McLean,low,very-profitable,high,mid-low,low
Scott Derrickson,mid,very-profitable,high,mid-high,high
Susan Stroman,low,not-profitable,low,mid-low,low
Bruce Hunt,low,not-profitable,low,low,low
Ol Parker,low,profitable,high,mid-high,low
Thomas Bezucha,low,profitable,mid,mid-low,mid
Bennett Miller,mid,profitable,high,mid-high,low
Noah Baumbach,mid,profitable,high,mid-high,high
Hideo Nakata,low,profitable,low,low,low
Mike Bigelow,low,profitable,low,low,low
David Ayer,mid,profitable,mid,mid-high,high
Darren Grant,low,very-profitable,low,mid-low,low
Steve Box,low,very-profitable,low,high,low
John Maybury,low,not-profitable,low,mid-high,low
Jason Reitman,mid,very-profitable,high,mid-high,mid
Mikael Håfström,mid,profitable,mid,mid-high,mid
Florent-Emilio Siri,low,not-profitable,low,mid-high,low
Cory Edwards,low,profitable,low,mid-high,low
Tommy Lee Jones,low,not-profitable,low,mid-high,mid
John Gulager,low,not-profitable,mid,low,high
Jeff Wadlow,mid,very-profitable,high,mid-low,mid
John Hillcoat,mid,not-profitable,low,mid-high,mid
Craig Brewer,mid,profitable,high,mid-high,high
Richard Shepard,low,not-profitable,low,mid-high,low
Atom Egoyan,low,not-profitable,low,mid-high,low
Rebecca Miller,low,not-profitable,low,mid-high,low
Geoffrey Sax,low,very-profitable,low,mid-low,low
Niall Johnson,low,very-profitable,low,mid-high,low
Miranda July,low,very-profitable,low,mid-high,low
Duncan Tucker,low,very-profitable,low,high,low
Andy Garcia,low,not-profitable,low,mid-high,low
Arie Posin,low,not-profitable,low,mid-high,low
Gary Chapman,low,not-profitable,low,mid-low,low
Phil Morrison,low,profitable,low,mid-high,low
John Gatins,low,not-profitable,low,mid-high,low
Bent Hamer,low,profitable,low,mid-high,low
Liev Schreiber,low,not-profitable,low,high,low
Mike Mills,mid,profitable,mid,mid-high,mid
David Frankel,mid,very-profitable,high,mid-high,mid
Andy Fickman,mid,profitable,mid,mid-low,mid
Gabriele Muccino,mid,profitable,mid,mid-high,high
Jonathan Dayton,mid,very-profitable,high,mid-high,mid
Kevin Macdonald,mid,profitable,high,mid-high,high
Florian Henckel von Donnersmarck,low,very-profitable,high,mid-high,high
J.J. Abrams,mid,very-profitable,mid,mid-high,mid
Steve Pink,mid,not-profitable,low,mid-low,high
James Gunn,mid,profitable,mid,mid-high,high
Alexandre Aja,mid,very-profitable,mid,mid-low,mid
Liam Lynch,low,not-profitable,low,mid-high,low
Anne Fletcher,mid,very-profitable,high,mid-low,mid
Larry Charles,mid,very-profitable,high,mid-high,high
Mark Neveldine,mid,profitable,mid,mid-low,high
Neil Burger,mid,very-profitable,mid,mid-high,mid
Tim Johnson,low,profitable,low,mid-high,low
Elizabeth Allen Rosenbaum,low,not-profitable,low,mid-low,high
Stefen Fangmeier,low,profitable,low,low,low
Gil Kenan,mid,not-profitable,mid,mid-low,high
Greg Coolidge,low,profitable,low,mid-low,low
David Bowers,mid,profitable,mid,mid-low,high
Werner Herzog,low,not-profitable,low,mid-high,mid
Corey Yuen,low,not-profitable,low,low,low
Susannah Grant,low,not-profitable,low,mid-low,low
Alejandro Agresti,low,profitable,low,mid-high,low
Mark Palansky,low,not-profitable,low,mid-high,low
Carlos Saldanha,mid,very-profitable,mid,mid-high,low
William Brent Bell,mid,very-profitable,high,low,high
David Von Ancken,low,not-profitable,low,mid-high,low
Ericson Core,low,not-profitable,low,mid-low,high
Adam Green,low,not-profitable,low,mid-low,low
Tyler Perry,mid,profitable,high,low,mid
John Bonito,low,not-profitable,low,low,low
John Curran,low,not-profitable,low,mid-high,high
George Hickenlooper,low,not-profitable,low,mid-high,low
Doug Atchison,low,profitable,low,high,low
Aaron Seltzer,low,very-profitable,low,low,low
Anthony Russo,mid,very-profitable,mid,high,high
Matthew O'Callaghan,low,not-profitable,low,mid-high,low
Michael Mayer,low,not-profitable,low,mid-low,low
Goran Dukic,low,not-profitable,low,mid-high,low
Gregory Dark,low,profitable,low,low,low
Allen Coulter,low,profitable,mid,mid-high,mid
Chris Robinson,low,not-profitable,low,mid-low,low
Emilio Estevez,low,not-profitable,low,mid-high,low
Ryan Fleck,low,very-profitable,low,mid-high,low
Steve 'Spaz' Williams,low,not-profitable,low,low,low
Liz Friedlander,low,profitable,low,mid-high,low
Jim Sonzero,low,not-profitable,low,low,low
Michael Polish,low,not-profitable,low,mid-low,high
Nick Guthe,low,not-profitable,low,mid-low,low
Todd Robinson,low,not-profitable,low,mid-high,low
Colin Brady,low,not-profitable,low,mid-low,low
Kelly Reichardt,mid,profitable,mid,mid-high,low
Wil Shriner,low,not-profitable,low,mid-low,low
Matthew Vaughn,mid,profitable,mid,high,mid
Ben Affleck,mid,profitable,mid,mid-high,mid
Greg Mottola,mid,profitable,high,mid-high,high
David Yates,mid,very-profitable,high,mid-high,high
Juan Carlos Fresnadillo,low,very-profitable,low,mid-high,low
Xavier Gens,low,profitable,mid,mid-low,mid
Gabor Csupo,low,very-profitable,low,mid-high,low
Shari Springer Berman,low,not-profitable,mid,mid-low,low
Michael Haneke,mid,not-profitable,mid,high,high
Josh Gordon,mid,profitable,low,mid-low,low
Ash Brannon,low,not-profitable,low,mid-low,mid
Joby Harold,low,profitable,low,mid-high,low
Simon J. Smith,low,not-profitable,low,mid-low,low
Colin Strause,low,very-profitable,mid,low,low
Chris Miller,low,very-profitable,low,mid-low,mid
Andrew Dominik,low,not-profitable,mid,mid-high,high
Mark Helfrich,low,profitable,low,mid-low,low
Nacho Vigalondo,low,not-profitable,low,mid-high,high
Jason Friedberg,mid,profitable,mid,low,mid
Stephen J. Anderson,low,not-profitable,low,mid-high,low
Tony Gilroy,mid,profitable,mid,mid-high,mid
Oren Peli,low,very-profitable,low,mid-low,low
Richard LaGravenese,mid,profitable,mid,mid-high,high
Craig Gillespie,mid,not-profitable,mid,mid-high,mid
Mennan Yapo,low,very-profitable,low,mid-low,low
David Silverman,low,very-profitable,low,mid-high,low
Nimród Antal,low,profitable,low,mid-low,low
Steve Bendelack,low,very-profitable,low,mid-high,low
Bob Odenkirk,low,not-profitable,low,low,low
Kirsten Sheridan,low,profitable,low,high,low
Robert Ben Garant,low,profitable,low,mid-low,low
Michael Davis,low,not-profitable,low,mid-high,low
Scott Frank,low,not-profitable,mid,mid-high,mid
Olivier Dahan,low,profitable,low,high,low
John Carney,low,very-profitable,high,high,low
Philip G. Atwell,low,not-profitable,low,mid-low,low
Adrienne Shelly,low,very-profitable,low,mid-high,low
David L. Cunningham,low,not-profitable,low,low,low
Kevin Munroe,low,not-profitable,mid,mid-low,mid
Martin Weisz,low,profitable,low,low,low
Dave Meyers,low,profitable,low,mid-low,low
Julian Jarrold,low,not-profitable,mid,mid-high,low
Tom Brady,low,not-profitable,low,low,high
Tom Kalin,low,not-profitable,low,mid-low,low
José Padilha,low,profitable,low,mid-high,high
Danny Pang,low,profitable,mid,low,low
Franck Khalfoun,low,not-profitable,low,mid-low,low
Oliver Hirschbiegel,low,not-profitable,low,mid-low,low
Vincent Paronnaud,low,profitable,low,high,low
Chris Sivertson,low,not-profitable,low,low,low
Zach Helm,low,not-profitable,low,mid-low,low
Thor Freudenthal,mid,profitable,mid,mid-low,mid
Daniel Waters,low,not-profitable,low,mid-low,low
Jon Poll,low,not-profitable,low,mid-high,low
Doug Lefler,low,not-profitable,low,low,low
Sergei Bodrov,low,not-profitable,low,mid-low,high
Jonathan Kasdan,low,not-profitable,mid,mid-high,low
Gavin Hood,mid,not-profitable,low,mid-high,low
Sylvain White,mid,very-profitable,mid,low,high
Deborah Kampmeier,low,not-profitable,low,mid-low,low
Susanne Bier,low,not-profitable,low,mid-low,high
Mark Osborne,low,profitable,mid,high,low
Phyllida Lloyd,low,very-profitable,mid,mid-high,low
Bryan Bertino,low,very-profitable,low,mid-low,low
Pierre Morel,mid,profitable,high,mid-high,high
Nicholas Stoller,mid,very-profitable,high,mid-high,mid
Martin McDonagh,mid,very-profitable,high,high,mid
Michael Patrick King,low,very-profitable,mid,low,high
Fred Wolf,low,not-profitable,mid,low,low
Carter Smith,low,profitable,low,mid-low,low
Justin Chadwick,low,not-profitable,mid,mid-high,mid
Eric Brevig,low,profitable,mid,low,high
Byron Howard,low,very-profitable,high,high,high
Sean Anders,mid,profitable,mid,mid-low,mid
Mark Herman,low,profitable,low,high,low
Tomas Alfredson,low,profitable,mid,mid-high,high
Nick Moore,low,not-profitable,low,mid-low,low
Nicolas Winding Refn,mid,very-profitable,high,mid-high,high
Lexi Alexander,low,not-profitable,low,mid-low,low
Charlie Kaufman,low,not-profitable,low,high,low
Peter Sollett,low,profitable,low,mid-high,low
Neil Marshall,mid,not-profitable,low,mid-low,mid
Jon M. Chu,mid,very-profitable,high,mid-low,high
Kent Alterman,low,not-profitable,low,mid-low,low
Howard McCain,low,not-profitable,low,mid-low,low
David Hackl,low,very-profitable,low,mid-low,low
Jimmy Hayward,low,not-profitable,mid,mid-low,high
Diane English,low,profitable,low,low,low
Clark Gregg,low,not-profitable,low,mid-high,low
Ryûhei Kitamura,low,not-profitable,low,mid-low,low
Tom Vaughan,low,profitable,high,mid-low,low
Pete Travis,low,profitable,mid,mid-high,mid
Christine Jeffs,low,profitable,low,mid-high,low
Robert B. Weide,low,not-profitable,low,mid-high,low
Olivier Megaton,mid,very-profitable,mid,mid-low,low
Nelson McCormick,low,profitable,low,low,high
Dave Filoni,low,very-profitable,low,mid-low,low
Jon Hurwitz,low,very-profitable,low,mid-high,low
Michael McCullers,low,profitable,low,mid-low,low
Jennifer Flackett,low,profitable,low,mid-low,low
John Erick Dowdle,mid,very-profitable,mid,mid-low,mid
George C. Wolfe,low,profitable,low,mid-low,low
Seth Gordon,mid,profitable,mid,mid-low,mid
Sanaa Hamri,low,not-profitable,low,mid-low,low
Jee-woon Kim,low,profitable,mid,mid-high,high
Rodrigo García,low,not-profitable,low,mid-low,low
Masayuki Ochiai,low,very-profitable,low,low,low
Marcel Langenegger,low,not-profitable,low,mid-low,low
David Moreau,low,very-profitable,low,low,low
Marco Schnabel,low,not-profitable,low,low,low
Chris Carter,low,profitable,low,mid-low,low
Eric Valette,low,profitable,low,low,low
Alex Kendrick,mid,very-profitable,high,mid-high,low
Jeffrey Nachmanoff,low,not-profitable,low,mid-low,high
Darnell Martin,low,not-profitable,low,mid-high,low
Bruce McDonald,low,not-profitable,low,mid-high,low
Ari Folman,low,very-profitable,low,high,low
Guillermo Arriaga,low,not-profitable,low,mid-high,low
Sam Fell,low,not-profitable,low,mid-low,low
Marc Schölermann,low,not-profitable,low,mid-low,low
Tony Leondis,low,profitable,mid,low,high
Jonathan Levine,mid,profitable,mid,mid-high,high
Courtney Hunt,low,very-profitable,low,mid-high,low
S.R. Bindler,low,not-profitable,low,low,low
Jennifer Lynch,low,not-profitable,low,mid-low,low
Ruben Fleischer,mid,profitable,mid,mid-high,mid
Marc Webb,mid,very-profitable,mid,mid-high,mid
Neill Blomkamp,mid,profitable,mid,mid-high,high
Kyle Newman,low,not-profitable,low,mid-high,low
Duncan Jones,mid,profitable,mid,high,mid
Jaco Van Dormael,low,not-profitable,low,high,low
Gaspar Noé,low,not-profitable,low,mid-high,low
Will Gluck,mid,very-profitable,high,mid-low,mid
Drew Barrymore,low,not-profitable,low,mid-high,low
Juan José Campanella,low,very-profitable,low,high,low
Christian Alvart,low,not-profitable,low,mid-high,mid
Rob Letterman,mid,profitable,low,mid-low,high
Patrick Tatopoulos,low,profitable,low,mid-high,low
Peter Billingsley,low,profitable,low,mid-low,low
Dennis Iliadis,low,profitable,low,mid-high,low
Niels Arden Oplev,mid,profitable,high,mid-high,high
Stewart Hendler,low,profitable,low,low,low
Lee Daniels,mid,very-profitable,high,mid-high,high
Phil Lord,mid,very-profitable,mid,mid-high,low
Ricky Gervais,low,not-profitable,low,mid-high,low
Olatunde Osunsanmi,low,very-profitable,low,mid-low,low
Marcus Dunstan,low,not-profitable,low,mid-low,low
Grant Heslov,low,profitable,low,mid-low,low
Tom Ford,low,profitable,mid,high,low
Derrick Borte,low,not-profitable,low,mid-high,low
Michael Spierig,mid,very-profitable,high,mid-low,high
Lone Scherfig,low,profitable,low,mid-high,low
Scott Cooper,mid,profitable,mid,mid-high,low
Shane Acker,low,not-profitable,low,mid-high,low
Jean-Marc Vallée,mid,profitable,high,mid-high,mid
Vincenzo Natali,low,not-profitable,low,mid-low,low
Jacques Audiard,low,not-profitable,low,high,mid
Kevin Greutert,low,very-profitable,low,mid-low,low
Andrea Arnold,low,not-profitable,low,mid-high,low
Agnieszka Wojtowicz-Vosloo,low,not-profitable,low,mid-low,low
Steve Shill,low,profitable,low,low,low
Phil Traill,low,profitable,low,low,low
Peter Cornwell,low,very-profitable,low,mid-low,low
Glenn Ficarra,mid,profitable,mid,mid-high,mid
Scott Sanders,low,not-profitable,low,high,low
Kevin Tancharoen,low,very-profitable,low,low,low
Ti West,low,not-profitable,low,mid-high,low
George Gallo,low,not-profitable,low,mid-high,low
Hoyt Yeatman,low,not-profitable,low,low,low
Brandon Camp,low,profitable,low,mid-low,low
Jody Hill,low,not-profitable,low,mid-low,low
Daniel Barber,low,not-profitable,low,mid-high,low
Jorge Blanco,low,not-profitable,low,mid-low,low
Raymond De Felitta,low,not-profitable,low,high,low
Anne Fontaine,low,not-profitable,mid,mid-high,mid
Tommy Wirkola,low,profitable,mid,mid-low,low
Oren Moverman,low,not-profitable,low,mid-high,low
Tomm Moore,low,not-profitable,low,high,low
J Blakeson,low,profitable,mid,mid-low,high
Neal Brennan,low,not-profitable,low,mid-low,low
Zach Cregger,low,not-profitable,low,low,low
Tom Hooper,mid,very-profitable,high,high,mid
Francesca Gregorini,low,not-profitable,low,mid-low,low
Edgar Wright,mid,profitable,high,high,low
Jim Field Smith,low,profitable,low,mid-high,low
Gareth Edwards,mid,very-profitable,high,mid-high,high
Nathan Greno,low,profitable,low,high,low
Steven R. Monroe,low,not-profitable,low,mid-low,low
Anton Corbijn,low,profitable,low,mid-high,mid
Denis Villeneuve,mid,profitable,mid,high,low
Steve Antin,low,not-profitable,low,mid-high,low
Pierre Coffin,low,very-profitable,high,high,low
Derek Cianfrance,mid,very-profitable,high,mid-high,low
Joseph Kosinski,mid,not-profitable,low,mid-high,mid
Lee Unkrich,low,very-profitable,low,high,low
Ethan Maniquis,low,very-profitable,low,mid-high,low
Tom McGrath,low,profitable,mid,mid-high,mid
Ryan Murphy,low,profitable,low,mid-low,low
Rodrigo Cortés,low,very-profitable,low,mid-high,low
Scott Stewart,mid,profitable,high,mid-low,mid
Debra Granik,low,very-profitable,low,mid-high,low
Samuel Bayer,low,profitable,low,low,low
John Luessenhop,low,profitable,low,mid-low,high
Anna Boden,mid,profitable,high,mid-high,mid
Lisa Cholodenko,low,very-profitable,low,mid-high,low
Anand Tucker,low,not-profitable,low,mid-high,low
Floria Sigismondi,low,not-profitable,low,mid-high,low
Jorma Taccone,low,not-profitable,low,mid-low,low
Hiromasa Yonebayashi,low,very-profitable,low,high,low
Julie Anne Robinson,low,profitable,mid,mid-low,mid
Quentin Dupieux,low,not-profitable,low,mid-low,low
Susanna White,low,profitable,low,mid-low,low
Nanette Burstein,low,not-profitable,low,mid-low,low
Miguel Sapochnik,low,not-profitable,low,mid-low,low
David Schwimmer,low,not-profitable,low,mid-high,low
John Wells,mid,not-profitable,mid,mid-high,low
Jay Duplass,low,not-profitable,low,mid-low,low
Daniel Stamm,low,very-profitable,low,mid-low,low
Abe Sylvia,low,not-profitable,low,mid-high,low
William Monahan,low,not-profitable,low,mid-low,low
Alan Poul,low,profitable,low,low,low
Troy Nixey,low,not-profitable,low,mid-low,low
Shana Feste,low,not-profitable,low,mid-low,low
Jim Mickle,low,not-profitable,low,mid-high,low
Richard J. Lewis,low,not-profitable,low,mid-high,low
Malcolm Venville,low,not-profitable,low,mid-low,low
Sngmoo Lee,low,not-profitable,low,mid-low,low
Spencer Susser,low,not-profitable,low,mid-high,low
Nick Tomnay,low,not-profitable,low,mid-high,low
Mitch Glazer,low,not-profitable,low,low,low
Dan Rush,low,not-profitable,low,mid-high,low
Jeff Nichols,mid,not-profitable,mid,mid-high,mid
Paul Feig,mid,very-profitable,mid,mid-high,low
Drew Goddard,low,not-profitable,low,mid-high,low
Tate Taylor,mid,very-profitable,high,mid-high,high
Jennifer Yuh Nelson,low,profitable,mid,mid-high,high
Steve McQueen,mid,very-profitable,high,high,mid
Rupert Wyatt,mid,profitable,mid,mid-high,high
Brad Furman,mid,not-profitable,low,mid-high,high
Asghar Farhadi,low,very-profitable,high,high,mid
George Nolfi,low,profitable,low,mid-high,low
Gareth Evans,low,very-profitable,high,high,low
J.C. Chandor,mid,profitable,mid,mid-high,low
Chris Gorak,low,profitable,low,low,low
Steven Quale,low,profitable,low,mid-low,low
Adam Wingard,mid,very-profitable,high,mid-low,high
Matthijs van Heijningen Jr.,low,not-profitable,low,mid-low,low
Gary McKendry,low,not-profitable,low,mid-high,low
James Bobin,mid,profitable,low,mid-high,mid
Michel Hazanavicius,low,very-profitable,low,high,low
Justin Kurzel,mid,not-profitable,low,mid-low,mid
Joe Cornish,low,not-profitable,low,mid-low,mid
John Michael McDonagh,low,profitable,low,mid-high,low
Mike Cahill,low,very-profitable,high,mid-high,mid
Drake Doremus,low,very-profitable,high,mid-high,mid
Mark Mylod,low,not-profitable,low,mid-low,low
Daniel Barnz,low,not-profitable,mid,mid-low,mid
Jason Eisener,low,not-profitable,low,mid-low,low
Christian E. Christiansen,low,profitable,low,low,low
Zal Batmanglij,low,not-profitable,mid,mid-high,low
Madonna,low,not-profitable,low,mid-low,low
Jesse Peretz,low,very-profitable,low,mid-high,low
Alister Grierson,low,profitable,low,mid-low,low
Gorô Miyazaki,low,profitable,low,high,low
Lynn Shelton,low,very-profitable,high,mid-high,low
Gonzalo López-Gallego,low,very-profitable,low,low,low
Paul Johansson,low,not-profitable,low,mid-low,low
Imtiaz Ali,low,not-profitable,low,high,low
Jason Moore,low,very-profitable,mid,mid-high,high
J.A. Bayona,mid,very-profitable,high,mid-high,high
Stephen Chbosky,low,very-profitable,high,high,low
Rupert Sanders,low,not-profitable,low,mid-low,low
Seth MacFarlane,mid,very-profitable,high,mid-high,mid
Mark Andrews,low,profitable,low,mid-high,low
Genndy Tartakovsky,mid,very-profitable,mid,mid-high,mid
Måns Mårlind,low,profitable,low,mid-low,low
Daniel Espinosa,mid,not-profitable,mid,mid-high,low
Lorene Scafaria,mid,profitable,high,mid-high,low
Rich Moore,low,profitable,low,high,low
Nima Nourizadeh,low,very-profitable,high,mid-low,mid
Brad Peyton,mid,profitable,mid,mid-low,mid
Akiva Schaffer,low,not-profitable,low,mid-low,high
Colin Trevorrow,mid,very-profitable,high,mid-high,low
Josh Trank,low,very-profitable,high,mid-low,high
Dan Bradley,low,not-profitable,low,low,low
Chris Renaud,mid,very-profitable,high,mid-high,low
Asger Leth,low,not-profitable,low,mid-high,low
Peter Ramsey,low,profitable,low,mid-high,low
Ariel Vromen,low,not-profitable,low,mid-high,mid
Mark Tonderai,low,very-profitable,low,mid-low,low
Ben Lewin,low,very-profitable,high,mid-high,high
James Watkins,low,very-profitable,high,mid-low,low
Michael Sucsy,low,very-profitable,high,mid-high,low
Craig Zobel,low,not-profitable,mid,mid-low,low
David Palmer,low,very-profitable,low,mid-low,low
Mike McCoy,low,very-profitable,low,mid-high,low
Lisa Azuelos,low,not-profitable,low,low,low
Steve Martino,low,very-profitable,high,mid-high,mid
Stephen Elliott,low,not-profitable,low,low,low
Sacha Gervasi,low,not-profitable,low,mid-high,low
Scott Speer,low,very-profitable,high,mid-high,low
Ole Bornedal,low,very-profitable,low,mid-low,low
M.J. Bassett,low,profitable,low,low,low
Ramaa Mosley,low,not-profitable,low,mid-high,low
Robert Lorenz,low,not-profitable,low,mid-high,low
Chris Butler,low,not-profitable,mid,mid-high,low
Baltasar Kormákur,mid,profitable,mid,mid-high,low
Nicholas Jarecki,low,profitable,low,mid-high,low
RZA,low,not-profitable,low,low,low
Fisher Stevens,low,not-profitable,low,mid-high,low
Stefan Ruzowitzky,low,not-profitable,low,mid-low,low
Brian Klugman,low,profitable,low,mid-high,low
John Hyams,low,not-profitable,low,low,low
Benh Zeitlin,low,very-profitable,low,mid-high,low
Anthony Hemingway,low,not-profitable,low,mid-low,low
Mabrouk El Mechri,low,not-profitable,low,low,low
Todd Lincoln,low,not-profitable,low,low,low
James Mather,low,not-profitable,low,mid-low,low
Leslye Headland,low,very-profitable,low,low,low
Josh Radnor,low,not-profitable,low,mid-high,low
Joachim Rønning,mid,profitable,mid,mid-high,mid
Henry Joost,low,very-profitable,high,mid-low,high
Dustin Hoffman,low,very-profitable,low,mid-high,low
Juan Solanas,low,not-profitable,low,mid-high,low
David Chase,low,not-profitable,low,mid-low,low
Henry Alex Rubin,low,not-profitable,low,high,low
Bradley Parker,low,very-profitable,low,low,low
Reema Kagti,low,not-profitable,low,mid-high,low
Alex Kurtzman,low,profitable,mid,mid-low,high
Cal Brunker,low,not-profitable,low,mid-low,low
Jamie Travis,low,not-profitable,low,mid-low,low
Homi Adajania,low,not-profitable,low,mid-low,low
Josh Schwartz,low,not-profitable,low,low,low
Jake Schreier,low,very-profitable,high,mid-high,mid
Alan Taylor,low,profitable,low,mid-high,mid
James DeMonaco,mid,very-profitable,high,mid-low,mid
Dan Scanlon,low,profitable,low,mid-high,low
Joseph Gordon-Levitt,low,very-profitable,low,mid-high,low
Kirk DeMicco,low,very-profitable,low,mid-high,low
Evan Goldberg,low,profitable,mid,mid-high,low
Nat Faxon,low,very-profitable,low,high,low
Fede Alvarez,mid,very-profitable,high,mid-high,mid
James Ward Byrkit,low,profitable,low,mid-high,low
Andy Muschietti,mid,very-profitable,high,mid-high,mid
Carl Rinsch,low,not-profitable,low,mid-low,low
Steven Knight,mid,not-profitable,mid,mid-low,high
Mike Flanagan,low,very-profitable,low,mid-low,low
Maggie Carey,low,profitable,low,mid-low,low
David Soren,low,profitable,low,mid-low,low
Amma Asante,low,not-profitable,low,mid-high,low
Guillaume Canet,low,not-profitable,low,mid-high,low
James Ponsoldt,low,profitable,low,mid-low,high
Jon S. Baird,low,profitable,low,mid-high,low
Don McKellar,low,not-profitable,low,mid-high,low
Brian Percival,low,very-profitable,low,high,low
Rob Epstein,low,not-profitable,low,mid-low,low
Daniel Schechter,low,not-profitable,low,mid-low,low
Ken Scott,low,not-profitable,mid,mid-low,high
Klay Hall,low,very-profitable,low,mid-low,low
Cody Cameron,low,profitable,low,mid-high,low
Jeremy Saulnier,low,not-profitable,mid,mid-high,low
Allen Hughes,low,not-profitable,low,mid-low,low
Jorge Dorado,low,not-profitable,low,mid-high,low
Don Scardino,low,not-profitable,low,mid-low,low
Justin Zackham,low,not-profitable,low,mid-low,low
Ric Roman Waugh,low,profitable,low,mid-high,low
Ryan Coogler,mid,very-profitable,high,high,low
Jeff Tremaine,low,very-profitable,low,mid-high,low
Joshua Michael Stern,low,profitable,low,mid-low,low
Jon Lucas,mid,very-profitable,mid,mid-low,low
Michael Tiddes,mid,very-profitable,high,low,high
Peter Landesman,low,not-profitable,low,mid-high,mid
Jason Bateman,low,not-profitable,low,mid-high,low
Keanu Reeves,low,not-profitable,low,mid-low,low
Ritesh Batra,low,very-profitable,low,high,low
Chad Stahelski,mid,very-profitable,low,high,low
Damien Chazelle,mid,very-profitable,high,high,mid
Alex Garland,low,not-profitable,low,mid-high,mid
Dan Gilroy,low,profitable,high,mid-high,high
Wes Ball,mid,very-profitable,high,mid-high,low
Jemaine Clement,low,very-profitable,low,high,low
Morten Tyldum,low,very-profitable,high,high,high
David Robert Mitchell,low,very-profitable,high,mid-high,low
Noam Murro,low,profitable,low,mid-low,low
Don Hall,low,profitable,low,high,low
Robert Stromberg,low,very-profitable,low,mid-high,low
Angelina Jolie,low,not-profitable,mid,mid-low,high
Christopher Miller,low,very-profitable,low,high,low
Josh Boone,low,very-profitable,low,high,low
James Marsh,low,very-profitable,low,high,low
Patrick Hughes,low,very-profitable,mid,mid-high,mid
Michaël R. Roskam,low,not-profitable,low,mid-high,low
Jennifer Kent,low,very-profitable,low,mid-high,low
Damián Szifron,low,very-profitable,low,high,low
Camille Delamarre,low,profitable,low,mid-low,low
Leigh Janiak,low,not-profitable,low,mid-low,low
Scott Waugh,low,profitable,low,mid-high,low
Paul King,low,very-profitable,low,high,mid
Jorge R. Gutiérrez,low,not-profitable,low,mid-high,low
Gary Shore,low,profitable,low,mid-low,low
Levan Gabriadze,low,very-profitable,low,mid-low,low
Wally Pfister,low,not-profitable,low,mid-low,low
Rowan Joffe,low,not-profitable,low,mid-high,low
Philippe Falardeau,low,not-profitable,low,high,low
Tom Gormican,low,very-profitable,low,mid-low,low
Erik Van Looy,low,not-profitable,low,mid-low,low
Jon Watts,mid,profitable,mid,mid-high,high
William Eubank,low,not-profitable,low,mid-low,low
R.J. Cutler,low,very-profitable,low,mid-high,low
Richard Glatzer,low,very-profitable,low,high,low
Bill Pohlad,low,profitable,low,high,low
Russell Crowe,low,not-profitable,low,mid-high,low
Ava DuVernay,low,profitable,mid,mid-low,high
Rob Thomas,low,not-profitable,low,mid-high,low
Charlie McDowell,low,very-profitable,low,mid-high,low
Stuart Beattie,low,not-profitable,low,low,low
Vic Armstrong,low,not-profitable,low,low,low
Theodore Melfi,low,very-profitable,high,high,mid
Trish Sie,low,profitable,mid,mid-low,low
Harold Cronk,low,very-profitable,low,low,low
Akiva Goldsman,low,not-profitable,low,mid-low,low
Ben Falcone,low,profitable,mid,low,mid
Pascal Chaumeil,low,not-profitable,low,mid-high,low
David Michôd,low,not-profitable,low,mid-high,low
Ryan Gosling,low,not-profitable,low,mid-low,low
John Pogue,low,very-profitable,low,low,low
Sam Miller,low,very-profitable,low,mid-low,low
Peter Strickland,low,not-profitable,low,mid-high,low
Sarah Gavron,low,profitable,low,mid-high,low
Stiles White,low,very-profitable,low,low,low
Roberts Gannaway,low,profitable,low,mid-low,low
Ramin Bahrani,low,not-profitable,low,mid-high,low
Sam Taylor-Johnson,low,very-profitable,low,low,low
Robert Eggers,low,very-profitable,low,mid-high,low
Lenny Abrahamson,low,profitable,low,high,low
Bryan Buckley,low,not-profitable,low,mid-low,low
John Francis Daley,low,profitable,low,mid-high,mid
Lee Toland Krieger,low,profitable,low,mid-high,low
Marc Abraham,low,not-profitable,low,mid-low,low
Kyle Balda,low,very-profitable,mid,mid-low,low
Elizabeth Banks,low,very-profitable,low,mid-high,low
Peter Sohn,low,not-profitable,low,mid-high,low
Joel Edgerton,low,very-profitable,high,mid-high,low
Etan Cohen,low,not-profitable,mid,low,high
Aleksander Bach,low,profitable,low,mid-low,low
Doug Ellin,low,not-profitable,low,mid-high,low
Christopher Landon,mid,very-profitable,high,mid-low,low
Ilya Naishuller,low,very-profitable,low,mid-high,low
Paco Cabezas,low,not-profitable,low,mid-high,low
Gregory Jacobs,low,very-profitable,low,mid-low,low
Ari Sandel,low,profitable,mid,mid-low,mid
Leigh Whannell,mid,very-profitable,high,mid-high,high
S.S. Rajamouli,low,not-profitable,low,high,low
Jeremy Garelick,low,profitable,low,mid-high,low
Paul Tibbitt,low,very-profitable,low,mid-low,low
Cary Joji Fukunaga,low,not-profitable,low,high,low
Alfonso Gomez-Rejon,low,not-profitable,low,high,low
Marielle Heller,mid,not-profitable,low,mid-high,low
Sean Baker,low,very-profitable,mid,mid-high,mid
Ciarán Foy,low,very-profitable,low,low,low
Duke Johnson,low,not-profitable,low,mid-high,low
Simon Curtis,low,profitable,mid,high,low
Dexter Fletcher,low,profitable,mid,mid-high,low
Max Joseph,low,very-profitable,low,mid-low,low
Dean Israelite,low,profitable,low,mid-low,mid
Matt Brown,low,not-profitable,low,mid-high,low
Michael Dougherty,low,profitable,mid,mid-low,low
Wilson Yip,low,profitable,low,mid-high,low
David Gelb,low,very-profitable,low,low,low
Patricia Riggen,low,profitable,high,mid-high,low
Joachim Trier,low,not-profitable,low,mid-high,low
Travis Cluff,low,very-profitable,low,low,low
John Maclean,low,not-profitable,low,mid-high,low
Jerry Jameson,low,not-profitable,low,low,low
Michael Showalter,low,very-profitable,mid,mid-high,mid
Dan Fogelman,low,not-profitable,low,mid-high,low
Daniel Lee,low,not-profitable,low,mid-low,low
Tim Miller,low,very-profitable,high,mid-high,high
Thea Sharrock,low,very-profitable,low,high,low
Matt Ross,low,very-profitable,low,high,low
Cedric Nicolas-Troyan,low,not-profitable,low,mid-low,low
Alessandro Carloni,low,profitable,low,mid-high,low
Anna Foerster,low,profitable,low,mid-low,low
Greg Tiernan,low,very-profitable,low,mid-low,low
Barry Jenkins,low,very-profitable,high,mid-high,low
Dan Trachtenberg,low,very-profitable,low,mid-high,low
Garth Davis,low,very-profitable,low,high,low
David F. Sandberg,mid,very-profitable,high,mid-high,mid
Deon Taylor,low,very-profitable,high,low,mid
Christian Ditter,low,profitable,low,mid-low,low
Ana Lily Amirpour,low,not-profitable,low,low,low
Luke Scott,low,not-profitable,low,mid-low,low
Kelly Fremon Craig,low,profitable,low,mid-high,low
Babak Najafi,low,profitable,low,mid-low,low
Dan Mazer,low,profitable,low,mid-low,low
Dan Kwan,low,not-profitable,low,mid-high,low
Jake Szymanski,low,profitable,low,mid-low,low
Mike Thurmeier,low,profitable,low,mid-low,low
Dave Green,low,not-profitable,low,mid-low,low
David L. Hunt,low,not-profitable,low,mid-high,low
Clay Kaytis,low,very-profitable,low,mid-low,low
Dennis Gansel,low,profitable,low,mid-low,low
Pablo Larraín,low,profitable,low,mid-high,low
David Lowery,low,very-profitable,high,mid-high,low
Peter Atencio,low,not-profitable,low,mid-low,low
Travis Knight,low,profitable,mid,mid-high,high
Sam Liu,low,not-profitable,low,mid-high,low
Jason Zada,low,profitable,low,low,low
John Krasinski,low,very-profitable,high,mid-high,mid
Olivier Assayas,low,not-profitable,low,mid-low,low
Jonathan Jakubowicz,low,not-profitable,low,mid-high,low
Taika Waititi,low,very-profitable,mid,high,low
Michael Gracey,low,very-profitable,low,high,low
Hallie Meyers-Shyer,low,profitable,low,mid-low,low
Jordan Peele,low,very-profitable,high,mid-high,mid
Sebastián Lelio,low,not-profitable,low,mid-high,low
Jordan Vogt-Roberts,low,profitable,low,mid-high,low
David Leitch,mid,very-profitable,mid,mid-high,mid
Taylor Sheridan,low,profitable,low,high,low
Greta Gerwig,low,very-profitable,mid,high,low
Benny Safdie,low,not-profitable,low,high,low
Aaron Sorkin,low,not-profitable,low,high,low
Nikolaj Arcel,low,not-profitable,low,mid-low,low
Armando Iannucci,low,not-profitable,low,mid-high,low
Dean Devlin,low,not-profitable,low,low,low
Brian Fee,low,profitable,low,mid-high,low
Lucia Aniello,low,profitable,low,low,low
Dax Shepard,low,not-profitable,low,mid-low,low
Destin Daniel Cretton,low,profitable,low,mid-high,low
Chris McKay,low,profitable,low,mid-high,low
Cory Finley,low,not-profitable,low,mid-high,low
James Franco,low,profitable,low,high,low
Johannes Roberts,mid,very-profitable,high,low,mid
Stella Meghie,low,very-profitable,low,mid-high,low
Trey Edward Shults,low,profitable,low,mid-low,low
Ry Russo-Young,low,profitable,mid,mid-low,mid
Denise Di Novi,low,not-profitable,low,low,low
Hany Abu-Assad,low,not-profitable,low,mid-high,low
Brett Haley,low,profitable,low,mid-high,low
Stuart Hazeldine,low,very-profitable,low,mid-low,low
F. Javier Gutiérrez,low,profitable,low,low,low
Charlie Bean,low,not-profitable,low,mid-low,low
Andrew Jay Cohen,low,not-profitable,low,mid-low,low
Benny Boom,low,not-profitable,low,mid-low,low
Baran bo Odar,low,not-profitable,low,mid-low,low
Richie Keen,low,not-profitable,low,mid-low,low
Ken Marino,low,very-profitable,low,mid-low,low
Michael Carney,low,not-profitable,low,mid-high,low
Jayson Thiessen,low,very-profitable,low,mid-low,low
Jeffrey Blitz,low,not-profitable,low,mid-low,low
Lawrence Sher,low,not-profitable,low,mid-low,low
Luis Prieto,low,not-profitable,low,mid-low,low
Jonathan Teplitzky,low,not-profitable,low,mid-low,low
Isabel Coixet,low,profitable,low,mid-high,low
Dallas Jenkins,low,not-profitable,low,mid-low,low
Stacy Title,low,very-profitable,low,low,low
Ari Aster,low,very-profitable,mid,mid-high,low
Bob Persichetti,low,very-profitable,low,high,low
Yann Demange,low,not-profitable,low,mid-high,low
Christian Gudegast,low,profitable,low,mid-high,low
Bradley Cooper,low,very-profitable,low,high,low
Bo Burnham,low,very-profitable,low,high,low
Luca Guadagnino,low,not-profitable,low,mid-high,low
Yorgos Lanthimos,low,very-profitable,low,high,low
Panos Cosmatos,low,not-profitable,low,mid-high,low
Stefano Sollima,low,profitable,low,mid-high,low
Gerard McMurray,low,very-profitable,low,low,low
Claire McCarthy,low,not-profitable,low,mid-high,low
Corin Hardy,low,very-profitable,low,low,low
Jeff Tomsic,low,profitable,low,mid-high,low
Donovan Marsh,low,not-profitable,low,mid-high,low
Otto Bathurst,low,not-profitable,low,low,low
Felix van Groeningen,low,not-profitable,low,mid-high,low
Nadine Labaki,low,very-profitable,low,high,low
Nicolai Fuglsig,low,not-profitable,low,mid-high,low
Susanna Fogel,low,not-profitable,low,mid-low,low
Josie Rourke,low,not-profitable,low,mid-low,low
Phil Johnston,low,profitable,low,mid-high,low
Julius Avery,low,not-profitable,low,mid-high,low
Roar Uthaug,low,profitable,low,mid-low,low
Christian Rivers,low,not-profitable,low,mid-low,low
Steven Caple Jr.,low,very-profitable,low,mid-high,low
Jonah Hill,low,not-profitable,low,high,low
Aneesh Chaganty,low,very-profitable,low,high,low
Kay Cannon,low,very-profitable,low,mid-low,low
Abby Kohn,low,profitable,low,mid-low,low
Drew Pearce,low,not-profitable,low,mid-low,low
Bill Holderman,low,very-profitable,low,mid-low,low
Boots Riley,low,very-profitable,low,mid-high,low
Steven S. DeKnight,low,not-profitable,low,mid-low,low
Rob Greenberg,low,very-profitable,low,mid-low,low
Joe Penna,low,profitable,low,mid-high,low
Mathew Cullen,low,not-profitable,low,low,low
Sriram Raghavan,low,very-profitable,low,high,low
Kevin Connolly,low,not-profitable,low,low,low
Adam Robitel,low,very-profitable,low,mid-low,mid
David Kerr,low,very-profitable,low,mid-low,low
Bethany Ashton Wolf,low,very-profitable,low,mid-high,low
Sam Levinson,low,not-profitable,low,mid-low,low
Stephen Susco,low,very-profitable,low,mid-low,low
Karey Kirkpatrick,low,profitable,low,mid-high,low
Gregory Plotkin,low,profitable,low,mid-low,low
Diederik Van Rooijen,low,very-profitable,low,low,low
Yarrow Cheney,low,very-profitable,low,mid-low,low
Tim Kirkby,low,not-profitable,low,low,low
Xavier Dolan,low,not-profitable,low,mid-low,low
Director X.,low,not-profitable,low,low,low
Nick Park,low,not-profitable,low,mid-low,low
Andrew Erwin,low,very-profitable,low,mid-high,low
Tatsuya Nagamine,low,very-profitable,low,high,low
Jonathan Baker,low,not-profitable,low,mid-low,low
Stephen Merchant,low,profitable,low,mid-high,low
Jenny Gage,low,very-profitable,low,low,low
Matt Bettinelli-Olpin,low,very-profitable,low,mid-high,low
Michael Engler,low,very-profitable,low,high,low
Olivia Wilde,low,very-profitable,low,mid-high,low
Robin Bissell,low,not-profitable,low,mid-high,low
Josh Cooley,low,very-profitable,low,high,low
Simon Kinberg,low,not-profitable,low,mid-low,low
David Yarovesky,low,very-profitable,low,mid-low,low
Tyler Nilson,low,very-profitable,low,high,low
Gene Stupnitsky,low,very-profitable,low,mid-high,low
Justin Baldoni,low,very-profitable,low,mid-high,low
Hans Petter Moland,low,not-profitable,low,mid-low,low
Gary Dauberman,low,very-profitable,low,mid-low,low
Adrian Grunberg,low,not-profitable,low,mid-low,low
Nisha Ganatra,low,very-profitable,low,mid-high,low
Michael Chaves,low,very-profitable,low,low,low
André Øvredal,low,very-profitable,low,mid-low,low
Thurop Van Orman,low,profitable,low,mid-high,low
Kevin Kölsch,low,very-profitable,low,mid-low,low
Makoto Shinkai,low,very-profitable,low,high,low
Vincent D'Onofrio,low,not-profitable,low,mid-low,low
Lars Klevberg,low,very-profitable,low,mid-low,low
Chris Addison,low,very-profitable,low,low,low
Andrea Berloff,low,not-profitable,low,mid-low,low
Jill Culton,low,profitable,low,mid-high,low
Todd Strauss-Schulson,low,not-profitable,low,mid-low,low
Gail Mancuso,low,very-profitable,low,high,low
Dome Karukoski,low,not-profitable,low,mid-high,low
Dylan Brown,low,not-profitable,low,mid-low,low
Jesse V. Johnson,low,not-profitable,low,mid-low,low
Frant Gwo,low,very-profitable,low,mid-low,low
Roxann Dawson,low,profitable,low,mid-low,low
Zara Hayes,low,not-profitable,low,mid-low,low
Tina Gordon,low,profitable,low,mid-low,low
Nicholas McCarthy,low,profitable,low,mid-low,low
Melanie Martinez,low,not-profitable,low,mid-high,low
Chuck Konzelman,low,profitable,low,mid-low,low
Eddie Mensore,low,not-profitable,low,mid-high,low
Richard Grieco,low,not-profitable,low,mid-low,low
Tony Wash,low,not-profitable,low,low,low
Cathy Yan,low,profitable,low,mid-low,low
Adil El Arbi,low,very-profitable,low,mid-high,low
Jeff Fowler,low,profitable,low,mid-high,low
Chris Sanders,low,not-profitable,low,mid-high,low
Hu Guan,low,very-profitable,low,mid-high,low
